{"type": "FeatureCollection", "features": [{"type": "Feature", "properties": {"ac_no": 1, "ac_name": "Behat", "district": "Saharanpur", "category": "GEN", "pc_no": 1, "pc_name": "Saharanpur", "winner_2022": "SP", "lead_2024": "INC", "margin_2024": 38229, "margin_pct_2024": 14.26}, "geometry": {"type": "Polygon", "coordinates": [[[77.385, 29.564], [77.943, 29.564], [77.943, 29.7324], [77.385, 29.7324], [77.385, 29.564]]]}}, {"type": "Feature", "properties": {"ac_no": 3, "ac_name": "Saharanpur Nagar", "district": "Saharanpur", "category": "GEN", "pc_no": 1, "pc_name": "Saharanpur", "winner_2022": "BJP", "lead_2024": "INC", "margin_2024": 5016, "margin_pct_2024": 1.84}, "geometry": {"type": "Polygon", "coordinates": [[[77.385, 29.7324], [77.943, 29.7324], [77.943, 29.9008], [77.385, 29.9008], [77.385, 29.7324]]]}}, {"type": "Feature", "properties": {"ac_no": 4, "ac_name": "Saharanpur", "district": "Saharanpur", "category": "GEN", "pc_no": 1, "pc_name": "Saharanpur", "winner_2022": "SP", "lead_2024": "INC", "margin_2024": 44626, "margin_pct_2024": 18.05}, "geometry": {"type": "Polygon", "coordinates": [[[77.385, 29.9008], [77.943, 29.9008], [77.943, 30.0692], [77.385, 30.0692], [77.385, 29.9008]]]}}, {"type": "Feature", "properties": {"ac_no": 5, "ac_name": "Deoband", "district": "Saharanpur", "category": "GEN", "pc_no": 1, "pc_name": "Saharanpur", "winner_2022": "BJP", "lead_2024": "BJP", "margin_2024": 21051, "margin_pct_2024": 9.64}, "geometry": {"type": "Polygon", "coordinates": [[[77.385, 30.0692], [77.943, 30.0692], [77.943, 30.2376], [77.385, 30.2376], [77.385, 30.0692]]]}}, {"type": "Feature", "properties": {"ac_no": 6, "ac_name": "Rampur Maniharan", "district": "Saharanpur", "category": "GEN", "pc_no": 1, "pc_name": "Saharanpur", "winner_2022": "BJP", "lead_2024": "BJP", "margin_2024": 1557, "margin_pct_2024": 0.72}, "geometry": {"type": "Polygon", "coordinates": [[[77.385, 30.2376], [77.943, 30.2376], [77.943, 30.406], [77.385, 30.406], [77.385, 30.2376]]]}}, {"type": "Feature", "properties": {"ac_no": 2, "ac_name": "Nakur", "district": "Saharanpur", "category": "GEN", "pc_no": 2, "pc_name": "Kairana", "winner_2022": "BJP", "lead_2024": "SP", "margin_2024": 33791, "margin_pct_2024": 13.36}, "geometry": {"type": "Polygon", "coordinates": [[[77.093, 29.25], [77.577, 29.25], [77.577, 29.4326], [77.093, 29.4326], [77.093, 29.25]]]}}, {"type": "Feature", "properties": {"ac_no": 7, "ac_name": "Gangoh", "district": "Saharanpur", "category": "GEN", "pc_no": 2, "pc_name": "Kairana", "winner_2022": "BJP", "lead_2024": "SP", "margin_2024": 16915, "margin_pct_2024": 6.92}, "geometry": {"type": "Polygon", "coordinates": [[[77.093, 29.4326], [77.577, 29.4326], [77.577, 29.6152], [77.093, 29.6152], [77.093, 29.4326]]]}}, {"type": "Feature", "properties": {"ac_no": 8, "ac_name": "Kairana", "district": "Shamli", "category": "GEN", "pc_no": 2, "pc_name": "Kairana", "winner_2022": "SP", "lead_2024": "SP", "margin_2024": 30649, "margin_pct_2024": 14.74}, "geometry": {"type": "Polygon", "coordinates": [[[77.093, 29.6152], [77.577, 29.6152], [77.577, 29.7978], [77.093, 29.7978], [77.093, 29.6152]]]}}, {"type": "Feature", "properties": {"ac_no": 9, "ac_name": "Thana Bhawan", "district": "Shamli", "category": "GEN", "pc_no": 2, "pc_name": "Kairana", "winner_2022": "RLD", "lead_2024": "SP", "margin_2024": 687, "margin_pct_2024": 0.37}, "geometry": {"type": "Polygon", "coordinates": [[[77.093, 29.7978], [77.577, 29.7978], [77.577, 29.9804], [77.093, 29.9804], [77.093, 29.7978]]]}}, {"type": "Feature", "properties": {"ac_no": 10, "ac_name": "Shamli", "district": "Shamli", "category": "GEN", "pc_no": 2, "pc_name": "Kairana", "winner_2022": "RLD", "lead_2024": "BJP", "margin_2024": 11230, "margin_pct_2024": 6.24}, "geometry": {"type": "Polygon", "coordinates": [[[77.093, 29.9804], [77.577, 29.9804], [77.577, 30.163], [77.093, 30.163], [77.093, 29.9804]]]}}, {"type": "Feature", "properties": {"ac_no": 11, "ac_name": "Budhana", "district": "Muzaffarnagar", "category": "GEN", "pc_no": 3, "pc_name": "Muzaffarnagar", "winner_2022": "RLD", "lead_2024": "SP", "margin_2024": 16076, "margin_pct_2024": 6.67}, "geometry": {"type": "Polygon", "coordinates": [[[77.322, 29.042], [77.448, 29.042], [77.448, 29.637], [77.322, 29.637], [77.322, 29.042]]]}}, {"type": "Feature", "properties": {"ac_no": 12, "ac_name": "Charthawal", "district": "Muzaffarnagar", "category": "GEN", "pc_no": 3, "pc_name": "Muzaffarnagar", "winner_2022": "SP", "lead_2024": "SP", "margin_2024": 13681, "margin_pct_2024": 6.48}, "geometry": {"type": "Polygon", "coordinates": [[[77.448, 29.042], [77.574, 29.042], [77.574, 29.637], [77.448, 29.637], [77.448, 29.042]]]}}, {"type": "Feature", "properties": {"ac_no": 14, "ac_name": "Muzaffar Nagar", "district": "Muzaffarnagar", "category": "GEN", "pc_no": 3, "pc_name": "Muzaffarnagar", "winner_2022": "BJP", "lead_2024": "BJP", "margin_2024": 801, "margin_pct_2024": 0.38}, "geometry": {"type": "Polygon", "coordinates": [[[77.574, 29.042], [77.7, 29.042], [77.7, 29.637], [77.574, 29.637], [77.574, 29.042]]]}}, {"type": "Feature", "properties": {"ac_no": 15, "ac_name": "Khatauli", "district": "Muzaffarnagar", "category": "GEN", "pc_no": 3, "pc_name": "Muzaffarnagar", "winner_2022": "BJP", "lead_2024": "BJP", "margin_2024": 3012, "margin_pct_2024": 1.48}, "geometry": {"type": "Polygon", "coordinates": [[[77.7, 29.042], [77.826, 29.042], [77.826, 29.637], [77.7, 29.637], [77.7, 29.042]]]}}, {"type": "Feature", "properties": {"ac_no": 44, "ac_name": "Sardhana", "district": "Meerut", "category": "GEN", "pc_no": 3, "pc_name": "Muzaffarnagar", "winner_2022": "SP", "lead_2024": "SP", "margin_2024": 45, "margin_pct_2024": 0.02}, "geometry": {"type": "Polygon", "coordinates": [[[77.826, 29.042], [77.952, 29.042], [77.952, 29.637], [77.826, 29.637], [77.826, 29.042]]]}}, {"type": "Feature", "properties": {"ac_no": 13, "ac_name": "Purqazi", "district": "Muzaffarnagar", "category": "GEN", "pc_no": 4, "pc_name": "Bijnor", "winner_2022": "RLD", "lead_2024": "RLD", "margin_2024": 11969, "margin_pct_2024": 5.98}, "geometry": {"type": "Polygon", "coordinates": [[[77.593, 28.871], [77.7686, 28.871], [77.7686, 29.715], [77.593, 29.715], [77.593, 28.871]]]}}, {"type": "Feature", "properties": {"ac_no": 16, "ac_name": "Meerapur", "district": "Muzaffarnagar", "category": "GEN", "pc_no": 4, "pc_name": "Bijnor", "winner_2022": "RLD", "lead_2024": "RLD", "margin_2024": 8969, "margin_pct_2024": 4.58}, "geometry": {"type": "Polygon", "coordinates": [[[77.7686, 28.871], [77.9442, 28.871], [77.9442, 29.715], [77.7686, 29.715], [77.7686, 28.871]]]}}, {"type": "Feature", "properties": {"ac_no": 22, "ac_name": "Bijnor", "district": "Bijnor", "category": "GEN", "pc_no": 4, "pc_name": "Bijnor", "winner_2022": "BJP", "lead_2024": "SP", "margin_2024": 991, "margin_pct_2024": 0.44}, "geometry": {"type": "Polygon", "coordinates": [[[77.9442, 28.871], [78.1198, 28.871], [78.1198, 29.715], [77.9442, 29.715], [77.9442, 28.871]]]}}, {"type": "Feature", "properties": {"ac_no": 23, "ac_name": "Chandpur", "district": "Bijnor", "category": "GEN", "pc_no": 4, "pc_name": "Bijnor", "winner_2022": "SP", "lead_2024": "SP", "margin_2024": 10616, "margin_pct_2024": 5.29}, "geometry": {"type": "Polygon", "coordinates": [[[78.1198, 28.871], [78.2954, 28.871], [78.2954, 29.715], [78.1198, 29.715], [78.1198, 28.871]]]}}, {"type": "Feature", "properties": {"ac_no": 45, "ac_name": "Hastinapur", "district": "Meerut", "category": "GEN", "pc_no": 4, "pc_name": "Bijnor", "winner_2022": "BJP", "lead_2024": "RLD", "margin_2024": 27047, "margin_pct_2024": 13.92}, "geometry": {"type": "Polygon", "coordinates": [[[78.2954, 28.871], [78.471, 28.871], [78.471, 29.715], [78.2954, 29.715], [78.2954, 28.871]]]}}, {"type": "Feature", "properties": {"ac_no": 17, "ac_name": "Najibabad", "district": "Bijnor", "category": "GEN", "pc_no": 5, "pc_name": "Nagina", "winner_2022": "SP", "lead_2024": "ASPKR", "margin_2024": 33598, "margin_pct_2024": 15.54}, "geometry": {"type": "Polygon", "coordinates": [[[78.113, 29.175], [78.691, 29.175], [78.691, 29.2982], [78.113, 29.2982], [78.113, 29.175]]]}}, {"type": "Feature", "properties": {"ac_no": 18, "ac_name": "Nagina", "district": "Bijnor", "category": "GEN", "pc_no": 5, "pc_name": "Nagina", "winner_2022": "SP", "lead_2024": "ASPKR", "margin_2024": 43638, "margin_pct_2024": 20.54}, "geometry": {"type": "Polygon", "coordinates": [[[78.113, 29.2982], [78.691, 29.2982], [78.691, 29.4214], [78.113, 29.4214], [78.113, 29.2982]]]}}, {"type": "Feature", "properties": {"ac_no": 20, "ac_name": "Dhampur", "district": "Bijnor", "category": "GEN", "pc_no": 5, "pc_name": "Nagina", "winner_2022": "BJP", "lead_2024": "ASPKR", "margin_2024": 16838, "margin_pct_2024": 9.22}, "geometry": {"type": "Polygon", "coordinates": [[[78.113, 29.4214], [78.691, 29.4214], [78.691, 29.5446], [78.113, 29.5446], [78.113, 29.4214]]]}}, {"type": "Feature", "properties": {"ac_no": 21, "ac_name": "Nehtaur", "district": "Bijnor", "category": "GEN", "pc_no": 5, "pc_name": "Nagina", "winner_2022": "BJP", "lead_2024": "ASPKR", "margin_2024": 31024, "margin_pct_2024": 16.53}, "geometry": {"type": "Polygon", "coordinates": [[[78.113, 29.5446], [78.691, 29.5446], [78.691, 29.6678], [78.113, 29.6678], [78.113, 29.5446]]]}}, {"type": "Feature", "properties": {"ac_no": 24, "ac_name": "Noorpur", "district": "Bijnor", "category": "GEN", "pc_no": 5, "pc_name": "Nagina", "winner_2022": "SP", "lead_2024": "ASPKR", "margin_2024": 26963, "margin_pct_2024": 13.85}, "geometry": {"type": "Polygon", "coordinates": [[[78.113, 29.6678], [78.691, 29.6678], [78.691, 29.791], [78.113, 29.791], [78.113, 29.6678]]]}}, {"type": "Feature", "properties": {"ac_no": 19, "ac_name": "Barhapur", "district": "Bijnor", "category": "GEN", "pc_no": 6, "pc_name": "Moradabad", "winner_2022": "BJP", "lead_2024": "SP", "margin_2024": 3976, "margin_pct_2024": 1.76}, "geometry": {"type": "Polygon", "coordinates": [[[78.352, 28.79], [78.983, 28.79], [78.983, 28.9788], [78.352, 28.9788], [78.352, 28.79]]]}}, {"type": "Feature", "properties": {"ac_no": 25, "ac_name": "Kanth", "district": "Moradabad", "category": "GEN", "pc_no": 6, "pc_name": "Moradabad", "winner_2022": "SP", "lead_2024": "SP", "margin_2024": 28239, "margin_pct_2024": 10.87}, "geometry": {"type": "Polygon", "coordinates": [[[78.352, 28.9788], [78.983, 28.9788], [78.983, 29.1676], [78.352, 29.1676], [78.352, 28.9788]]]}}, {"type": "Feature", "properties": {"ac_no": 26, "ac_name": "Thakurdwara", "district": "Moradabad", "category": "GEN", "pc_no": 6, "pc_name": "Moradabad", "winner_2022": "SP", "lead_2024": "SP", "margin_2024": 12731, "margin_pct_2024": 4.92}, "geometry": {"type": "Polygon", "coordinates": [[[78.352, 29.1676], [78.983, 29.1676], [78.983, 29.3564], [78.352, 29.3564], [78.352, 29.1676]]]}}, {"type": "Feature", "properties": {"ac_no": 27, "ac_name": "Moradabad Rural", "district": "Moradabad", "category": "GEN", "pc_no": 6, "pc_name": "Moradabad", "winner_2022": "SP", "lead_2024": "SP", "margin_2024": 51470, "margin_pct_2024": 22.24}, "geometry": {"type": "Polygon", "coordinates": [[[78.352, 29.3564], [78.983, 29.3564], [78.983, 29.5452], [78.352, 29.5452], [78.352, 29.3564]]]}}, {"type": "Feature", "properties": {"ac_no": 28, "ac_name": "Moradabad Nagar", "district": "Moradabad", "category": "GEN", "pc_no": 6, "pc_name": "Moradabad", "winner_2022": "BJP", "lead_2024": "SP", "margin_2024": 10141, "margin_pct_2024": 3.39}, "geometry": {"type": "Polygon", "coordinates": [[[78.352, 29.5452], [78.983, 29.5452], [78.983, 29.734], [78.352, 29.734], [78.352, 29.5452]]]}}, {"type": "Feature", "properties": {"ac_no": 29, "ac_name": "Kundarki", "district": "Moradabad", "category": "GEN", "pc_no": 8, "pc_name": "Sambhal", "winner_2022": "SP", "lead_2024": "SP", "margin_2024": 57044, "margin_pct_2024": 21.6}, "geometry": {"type": "Polygon", "coordinates": [[[78.402, 28.323], [79.001, 28.323], [79.001, 28.451], [78.402, 28.451], [78.402, 28.323]]]}}, {"type": "Feature", "properties": {"ac_no": 30, "ac_name": "Bilari", "district": "Moradabad", "category": "GEN", "pc_no": 8, "pc_name": "Sambhal", "winner_2022": "SP", "lead_2024": "SP", "margin_2024": 3322, "margin_pct_2024": 1.44}, "geometry": {"type": "Polygon", "coordinates": [[[78.402, 28.451], [79.001, 28.451], [79.001, 28.579], [78.402, 28.579], [78.402, 28.451]]]}}, {"type": "Feature", "properties": {"ac_no": 31, "ac_name": "Chandausi", "district": "Sambhal", "category": "GEN", "pc_no": 8, "pc_name": "Sambhal", "winner_2022": "BJP", "lead_2024": "BJP", "margin_2024": 46318, "margin_pct_2024": 21.57}, "geometry": {"type": "Polygon", "coordinates": [[[78.402, 28.579], [79.001, 28.579], [79.001, 28.707], [78.402, 28.707], [78.402, 28.579]]]}}, {"type": "Feature", "properties": {"ac_no": 32, "ac_name": "Asmoli", "district": "Sambhal", "category": "GEN", "pc_no": 8, "pc_name": "Sambhal", "winner_2022": "SP", "lead_2024": "SP", "margin_2024": 29223, "margin_pct_2024": 11.91}, "geometry": {"type": "Polygon", "coordinates": [[[78.402, 28.707], [79.001, 28.707], [79.001, 28.835], [78.402, 28.835], [78.402, 28.707]]]}}, {"type": "Feature", "properties": {"ac_no": 33, "ac_name": "Sambhal", "district": "Sambhal", "category": "GEN", "pc_no": 8, "pc_name": "Sambhal", "winner_2022": "SP", "lead_2024": "SP", "margin_2024": 78491, "margin_pct_2024": 33.88}, "geometry": {"type": "Polygon", "coordinates": [[[78.402, 28.835], [79.001, 28.835], [79.001, 28.963], [78.402, 28.963], [78.402, 28.835]]]}}, {"type": "Feature", "properties": {"ac_no": 34, "ac_name": "Suar", "district": "Rampur", "category": "GEN", "pc_no": 7, "pc_name": "Rampur", "winner_2022": "SP", "lead_2024": "SP", "margin_2024": 50750, "margin_pct_2024": 27.04}, "geometry": {"type": "Polygon", "coordinates": [[[78.858, 28.417], [79.428, 28.417], [79.428, 28.5668], [78.858, 28.5668], [78.858, 28.417]]]}}, {"type": "Feature", "properties": {"ac_no": 35, "ac_name": "Chamraua", "district": "Rampur", "category": "GEN", "pc_no": 7, "pc_name": "Rampur", "winner_2022": "SP", "lead_2024": "SP", "margin_2024": 39248, "margin_pct_2024": 21.75}, "geometry": {"type": "Polygon", "coordinates": [[[78.858, 28.5668], [79.428, 28.5668], [79.428, 28.7166], [78.858, 28.7166], [78.858, 28.5668]]]}}, {"type": "Feature", "properties": {"ac_no": 36, "ac_name": "Bilaspur", "district": "Rampur", "category": "GEN", "pc_no": 7, "pc_name": "Rampur", "winner_2022": "BJP", "lead_2024": "BJP", "margin_2024": 19867, "margin_pct_2024": 9.54}, "geometry": {"type": "Polygon", "coordinates": [[[78.858, 28.7166], [79.428, 28.7166], [79.428, 28.8664], [78.858, 28.8664], [78.858, 28.7166]]]}}, {"type": "Feature", "properties": {"ac_no": 37, "ac_name": "Rampur", "district": "Rampur", "category": "GEN", "pc_no": 7, "pc_name": "Rampur", "winner_2022": "SP", "lead_2024": "SP", "margin_2024": 37820, "margin_pct_2024": 21.4}, "geometry": {"type": "Polygon", "coordinates": [[[78.858, 28.8664], [79.428, 28.8664], [79.428, 29.0162], [78.858, 29.0162], [78.858, 28.8664]]]}}, {"type": "Feature", "properties": {"ac_no": 38, "ac_name": "Milak", "district": "Rampur", "category": "GEN", "pc_no": 7, "pc_name": "Rampur", "winner_2022": "BJP", "lead_2024": "BJP", "margin_2024": 19853, "margin_pct_2024": 9.54}, "geometry": {"type": "Polygon", "coordinates": [[[78.858, 29.0162], [79.428, 29.0162], [79.428, 29.166], [78.858, 29.166], [78.858, 29.0162]]]}}, {"type": "Feature", "properties": {"ac_no": 39, "ac_name": "Dhanaura", "district": "Amroha", "category": "GEN", "pc_no": 9, "pc_name": "Amroha", "winner_2022": "BJP", "lead_2024": "BJP", "margin_2024": 35021, "margin_pct_2024": 16.1}, "geometry": {"type": "Polygon", "coordinates": [[[77.854, 28.426], [78.0136, 28.426], [78.0136, 29.082], [77.854, 29.082], [77.854, 28.426]]]}}, {"type": "Feature", "properties": {"ac_no": 40, "ac_name": "Naugawan Sadat", "district": "Amroha", "category": "GEN", "pc_no": 9, "pc_name": "Amroha", "winner_2022": "SP", "lead_2024": "BJP", "margin_2024": 4278, "margin_pct_2024": 1.9}, "geometry": {"type": "Polygon", "coordinates": [[[78.0136, 28.426], [78.1732, 28.426], [78.1732, 29.082], [78.0136, 29.082], [78.0136, 28.426]]]}}, {"type": "Feature", "properties": {"ac_no": 41, "ac_name": "Amroha", "district": "Amroha", "category": "GEN", "pc_no": 9, "pc_name": "Amroha", "winner_2022": "SP", "lead_2024": "INC", "margin_2024": 74417, "margin_pct_2024": 35.08}, "geometry": {"type": "Polygon", "coordinates": [[[78.1732, 28.426], [78.3328, 28.426], [78.3328, 29.082], [78.1732, 29.082], [78.1732, 28.426]]]}}, {"type": "Feature", "properties": {"ac_no": 42, "ac_name": "Hasanpur", "district": "Amroha", "category": "GEN", "pc_no": 9, "pc_name": "Amroha", "winner_2022": "BJP", "lead_2024": "BJP", "margin_2024": 38763, "margin_pct_2024": 16.17}, "geometry": {"type": "Polygon", "coordinates": [[[78.3328, 28.426], [78.4924, 28.426], [78.4924, 29.082], [78.3328, 29.082], [78.3328, 28.426]]]}}, {"type": "Feature", "properties": {"ac_no": 60, "ac_name": "Garhmukteshwar", "district": "Hapur", "category": "GEN", "pc_no": 9, "pc_name": "Amroha", "winner_2022": "BJP", "lead_2024": "BJP", "margin_2024": 24222, "margin_pct_2024": 11.6}, "geometry": {"type": "Polygon", "coordinates": [[[78.4924, 28.426], [78.652, 28.426], [78.652, 29.082], [78.4924, 29.082], [78.4924, 28.426]]]}}, {"type": "Feature", "properties": {"ac_no": 43, "ac_name": "Siwalkhas", "district": "Meerut", "category": "GEN", "pc_no": 11, "pc_name": "Baghpat", "winner_2022": "RLD", "lead_2024": "RLD", "margin_2024": 12604, "margin_pct_2024": 6.16}, "geometry": {"type": "Polygon", "coordinates": [[[77.131, 28.71], [77.709, 28.71], [77.709, 28.8276], [77.131, 28.8276], [77.131, 28.71]]]}}, {"type": "Feature", "properties": {"ac_no": 50, "ac_name": "Chhaprauli", "district": "Baghpat", "category": "GEN", "pc_no": 11, "pc_name": "Baghpat", "winner_2022": "RLD", "lead_2024": "RLD", "margin_2024": 47225, "margin_pct_2024": 27.4}, "geometry": {"type": "Polygon", "coordinates": [[[77.131, 28.8276], [77.709, 28.8276], [77.709, 28.9452], [77.131, 28.9452], [77.131, 28.8276]]]}}, {"type": "Feature", "properties": {"ac_no": 51, "ac_name": "Baraut", "district": "Baghpat", "category": "GEN", "pc_no": 11, "pc_name": "Baghpat", "winner_2022": "BJP", "lead_2024": "RLD", "margin_2024": 38390, "margin_pct_2024": 23.48}, "geometry": {"type": "Polygon", "coordinates": [[[77.131, 28.9452], [77.709, 28.9452], [77.709, 29.0628], [77.131, 29.0628], [77.131, 28.9452]]]}}, {"type": "Feature", "properties": {"ac_no": 52, "ac_name": "Baghpat", "district": "Baghpat", "category": "GEN", "pc_no": 11, "pc_name": "Baghpat", "winner_2022": "BJP", "lead_2024": "RLD", "margin_2024": 9791, "margin_pct_2024": 5.2}, "geometry": {"type": "Polygon", "coordinates": [[[77.131, 29.0628], [77.709, 29.0628], [77.709, 29.1804], [77.131, 29.1804], [77.131, 29.0628]]]}}, {"type": "Feature", "properties": {"ac_no": 57, "ac_name": "Modi Nagar", "district": "Ghaziabad", "category": "GEN", "pc_no": 11, "pc_name": "Baghpat", "winner_2022": "BJP", "lead_2024": "RLD", "margin_2024": 49268, "margin_pct_2024": 25.31}, "geometry": {"type": "Polygon", "coordinates": [[[77.131, 29.1804], [77.709, 29.1804], [77.709, 29.298], [77.131, 29.298], [77.131, 29.1804]]]}}, {"type": "Feature", "properties": {"ac_no": 46, "ac_name": "Kithore", "district": "Meerut", "category": "GEN", "pc_no": 10, "pc_name": "Meerut", "winner_2022": "SP", "lead_2024": "SP", "margin_2024": 16737, "margin_pct_2024": 7.36}, "geometry": {"type": "Polygon", "coordinates": [[[77.586, 28.58], [78.015, 28.58], [78.015, 28.6822], [77.586, 28.6822], [77.586, 28.58]]]}}, {"type": "Feature", "properties": {"ac_no": 47, "ac_name": "Meerut Cantt.", "district": "Meerut", "category": "GEN", "pc_no": 10, "pc_name": "Meerut", "winner_2022": "BJP", "lead_2024": "BJP", "margin_2024": 96113, "margin_pct_2024": 39.43}, "geometry": {"type": "Polygon", "coordinates": [[[77.586, 28.6822], [78.015, 28.6822], [78.015, 28.7844], [77.586, 28.7844], [77.586, 28.6822]]]}}, {"type": "Feature", "properties": {"ac_no": 48, "ac_name": "Meerut", "district": "Meerut", "category": "GEN", "pc_no": 10, "pc_name": "Meerut", "winner_2022": "SP", "lead_2024": "SP", "margin_2024": 37915, "margin_pct_2024": 19.7}, "geometry": {"type": "Polygon", "coordinates": [[[77.586, 28.7844], [78.015, 28.7844], [78.015, 28.8866], [77.586, 28.8866], [77.586, 28.7844]]]}}, {"type": "Feature", "properties": {"ac_no": 49, "ac_name": "Meerut South", "district": "Meerut", "category": "GEN", "pc_no": 10, "pc_name": "Meerut", "winner_2022": "BJP", "lead_2024": "SP", "margin_2024": 20473, "margin_pct_2024": 7.19}, "geometry": {"type": "Polygon", "coordinates": [[[77.586, 28.8866], [78.015, 28.8866], [78.015, 28.9888], [77.586, 28.9888], [77.586, 28.8866]]]}}, {"type": "Feature", "properties": {"ac_no": 59, "ac_name": "Hapur", "district": "Hapur", "category": "GEN", "pc_no": 10, "pc_name": "Meerut", "winner_2022": "BJP", "lead_2024": "SP", "margin_2024": 11622, "margin_pct_2024": 5.14}, "geometry": {"type": "Polygon", "coordinates": [[[77.586, 28.9888], [78.015, 28.9888], [78.015, 29.091], [77.586, 29.091], [77.586, 28.9888]]]}}, {"type": "Feature", "properties": {"ac_no": 53, "ac_name": "Loni", "district": "Ghaziabad", "category": "GEN", "pc_no": 12, "pc_name": "Ghaziabad", "winner_2022": "BJP", "lead_2024": "BJP", "margin_2024": 21854, "margin_pct_2024": 7.72}, "geometry": {"type": "Polygon", "coordinates": [[[77.199, 28.548], [77.3108, 28.548], [77.3108, 28.878], [77.199, 28.878], [77.199, 28.548]]]}}, {"type": "Feature", "properties": {"ac_no": 54, "ac_name": "Muradnagar", "district": "Ghaziabad", "category": "GEN", "pc_no": 12, "pc_name": "Ghaziabad", "winner_2022": "BJP", "lead_2024": "BJP", "margin_2024": 76768, "margin_pct_2024": 30.55}, "geometry": {"type": "Polygon", "coordinates": [[[77.3108, 28.548], [77.4226, 28.548], [77.4226, 28.878], [77.3108, 28.878], [77.3108, 28.548]]]}}, {"type": "Feature", "properties": {"ac_no": 55, "ac_name": "Sahibabad", "district": "Ghaziabad", "category": "GEN", "pc_no": 12, "pc_name": "Ghaziabad", "winner_2022": "BJP", "lead_2024": "BJP", "margin_2024": 191184, "margin_pct_2024": 42.66}, "geometry": {"type": "Polygon", "coordinates": [[[77.4226, 28.548], [77.5344, 28.548], [77.5344, 28.878], [77.4226, 28.878], [77.4226, 28.548]]]}}, {"type": "Feature", "properties": {"ac_no": 56, "ac_name": "Ghaziabad", "district": "Ghaziabad", "category": "GEN", "pc_no": 12, "pc_name": "Ghaziabad", "winner_2022": "BJP", "lead_2024": "BJP", "margin_2024": 63256, "margin_pct_2024": 27.94}, "geometry": {"type": "Polygon", "coordinates": [[[77.5344, 28.548], [77.6462, 28.548], [77.6462, 28.878], [77.5344, 28.878], [77.5344, 28.548]]]}}, {"type": "Feature", "properties": {"ac_no": 58, "ac_name": "Dholana", "district": "Hapur", "category": "GEN", "pc_no": 12, "pc_name": "Ghaziabad", "winner_2022": "BJP", "lead_2024": "INC", "margin_2024": 16725, "margin_pct_2024": 6.65}, "geometry": {"type": "Polygon", "coordinates": [[[77.6462, 28.548], [77.758, 28.548], [77.758, 28.878], [77.6462, 28.878], [77.6462, 28.548]]]}}, {"type": "Feature", "properties": {"ac_no": 61, "ac_name": "Noida", "district": "Gautam Buddha Nagar", "category": "GEN", "pc_no": 13, "pc_name": "Gautam Buddha Nagar", "winner_2022": "BJP", "lead_2024": "BJP", "margin_2024": 214493, "margin_pct_2024": 59.06}, "geometry": {"type": "Polygon", "coordinates": [[[77.298, 28.078], [77.4486, 28.078], [77.4486, 28.672], [77.298, 28.672], [77.298, 28.078]]]}}, {"type": "Feature", "properties": {"ac_no": 62, "ac_name": "Dadri", "district": "Gautam Buddha Nagar", "category": "GEN", "pc_no": 13, "pc_name": "Gautam Buddha Nagar", "winner_2022": "BJP", "lead_2024": "BJP", "margin_2024": 163271, "margin_pct_2024": 42.77}, "geometry": {"type": "Polygon", "coordinates": [[[77.4486, 28.078], [77.5992, 28.078], [77.5992, 28.672], [77.4486, 28.672], [77.4486, 28.078]]]}}, {"type": "Feature", "properties": {"ac_no": 63, "ac_name": "Jewar", "district": "Gautam Buddha Nagar", "category": "GEN", "pc_no": 13, "pc_name": "Gautam Buddha Nagar", "winner_2022": "BJP", "lead_2024": "BJP", "margin_2024": 42097, "margin_pct_2024": 20.78}, "geometry": {"type": "Polygon", "coordinates": [[[77.5992, 28.078], [77.7498, 28.078], [77.7498, 28.672], [77.5992, 28.672], [77.5992, 28.078]]]}}, {"type": "Feature", "properties": {"ac_no": 64, "ac_name": "Sikandrabad", "district": "Bulandshahr", "category": "GEN", "pc_no": 13, "pc_name": "Gautam Buddha Nagar", "winner_2022": "BJP", "lead_2024": "BJP", "margin_2024": 28171, "margin_pct_2024": 11.62}, "geometry": {"type": "Polygon", "coordinates": [[[77.7498, 28.078], [77.9004, 28.078], [77.9004, 28.672], [77.7498, 28.672], [77.7498, 28.078]]]}}, {"type": "Feature", "properties": {"ac_no": 70, "ac_name": "Khurja", "district": "Bulandshahr", "category": "GEN", "pc_no": 13, "pc_name": "Gautam Buddha Nagar", "winner_2022": "BJP", "lead_2024": "BJP", "margin_2024": 38798, "margin_pct_2024": 16.64}, "geometry": {"type": "Polygon", "coordinates": [[[77.9004, 28.078], [78.051, 28.078], [78.051, 28.672], [77.9004, 28.672], [77.9004, 28.078]]]}}, {"type": "Feature", "properties": {"ac_no": 65, "ac_name": "Bulandshahr", "district": "Bulandshahr", "category": "GEN", "pc_no": 14, "pc_name": "Bulandshahr", "winner_2022": "BJP", "lead_2024": "BJP", "margin_2024": 19060, "margin_pct_2024": 8.17}, "geometry": {"type": "Polygon", "coordinates": [[[77.771, 28.06], [77.9146, 28.06], [77.9146, 28.711], [77.771, 28.711], [77.771, 28.06]]]}}, {"type": "Feature", "properties": {"ac_no": 66, "ac_name": "Syana", "district": "Bulandshahr", "category": "GEN", "pc_no": 14, "pc_name": "Bulandshahr", "winner_2022": "BJP", "lead_2024": "BJP", "margin_2024": 73008, "margin_pct_2024": 32.88}, "geometry": {"type": "Polygon", "coordinates": [[[77.9146, 28.06], [78.0582, 28.06], [78.0582, 28.711], [77.9146, 28.711], [77.9146, 28.06]]]}}, {"type": "Feature", "properties": {"ac_no": 67, "ac_name": "Anupshahr", "district": "Bulandshahr", "category": "GEN", "pc_no": 14, "pc_name": "Bulandshahr", "winner_2022": "BJP", "lead_2024": "BJP", "margin_2024": 45425, "margin_pct_2024": 21.75}, "geometry": {"type": "Polygon", "coordinates": [[[78.0582, 28.06], [78.2018, 28.06], [78.2018, 28.711], [78.0582, 28.711], [78.0582, 28.06]]]}}, {"type": "Feature", "properties": {"ac_no": 68, "ac_name": "Debai", "district": "Bulandshahr", "category": "GEN", "pc_no": 14, "pc_name": "Bulandshahr", "winner_2022": "BJP", "lead_2024": "BJP", "margin_2024": 89823, "margin_pct_2024": 46.83}, "geometry": {"type": "Polygon", "coordinates": [[[78.2018, 28.06], [78.3454, 28.06], [78.3454, 28.711], [78.2018, 28.711], [78.2018, 28.06]]]}}, {"type": "Feature", "properties": {"ac_no": 69, "ac_name": "Shikarpur", "district": "Bulandshahr", "category": "GEN", "pc_no": 14, "pc_name": "Bulandshahr", "winner_2022": "BJP", "lead_2024": "BJP", "margin_2024": 45681, "margin_pct_2024": 24.51}, "geometry": {"type": "Polygon", "coordinates": [[[78.3454, 28.06], [78.489, 28.06], [78.489, 28.711], [78.3454, 28.711], [78.3454, 28.06]]]}}, {"type": "Feature", "properties": {"ac_no": 71, "ac_name": "Khair", "district": "Aligarh", "category": "GEN", "pc_no": 15, "pc_name": "Aligarh", "winner_2022": "BJP", "lead_2024": "SP", "margin_2024": 1401, "margin_pct_2024": 0.62}, "geometry": {"type": "Polygon", "coordinates": [[[77.475, 27.755], [77.7016, 27.755], [77.7016, 28.179], [77.475, 28.179], [77.475, 27.755]]]}}, {"type": "Feature", "properties": {"ac_no": 72, "ac_name": "Barauli", "district": "Aligarh", "category": "GEN", "pc_no": 15, "pc_name": "Aligarh", "winner_2022": "BJP", "lead_2024": "BJP", "margin_2024": 36114, "margin_pct_2024": 16.05}, "geometry": {"type": "Polygon", "coordinates": [[[77.7016, 27.755], [77.9282, 27.755], [77.9282, 28.179], [77.7016, 28.179], [77.7016, 27.755]]]}}, {"type": "Feature", "properties": {"ac_no": 73, "ac_name": "Atrauli", "district": "Aligarh", "category": "GEN", "pc_no": 15, "pc_name": "Aligarh", "winner_2022": "BJP", "lead_2024": "BJP", "margin_2024": 17025, "margin_pct_2024": 7.84}, "geometry": {"type": "Polygon", "coordinates": [[[77.9282, 27.755], [78.1548, 27.755], [78.1548, 28.179], [77.9282, 28.179], [77.9282, 27.755]]]}}, {"type": "Feature", "properties": {"ac_no": 75, "ac_name": "Koil", "district": "Aligarh", "category": "GEN", "pc_no": 15, "pc_name": "Aligarh", "winner_2022": "BJP", "lead_2024": "SP", "margin_2024": 29041, "margin_pct_2024": 12.45}, "geometry": {"type": "Polygon", "coordinates": [[[78.1548, 27.755], [78.3814, 27.755], [78.3814, 28.179], [78.1548, 28.179], [78.1548, 27.755]]]}}, {"type": "Feature", "properties": {"ac_no": 76, "ac_name": "Aligarh", "district": "Aligarh", "category": "GEN", "pc_no": 15, "pc_name": "Aligarh", "winner_2022": "BJP", "lead_2024": "SP", "margin_2024": 7832, "margin_pct_2024": 3.46}, "geometry": {"type": "Polygon", "coordinates": [[[78.3814, 27.755], [78.608, 27.755], [78.608, 28.179], [78.3814, 28.179], [78.3814, 27.755]]]}}, {"type": "Feature", "properties": {"ac_no": 74, "ac_name": "Chharra", "district": "Aligarh", "category": "GEN", "pc_no": 16, "pc_name": "Hathras", "winner_2022": "BJP", "lead_2024": "BJP", "margin_2024": 41303, "margin_pct_2024": 18.78}, "geometry": {"type": "Polygon", "coordinates": [[[77.78, 27.268], [77.9308, 27.268], [77.9308, 27.979], [77.78, 27.979], [77.78, 27.268]]]}}, {"type": "Feature", "properties": {"ac_no": 77, "ac_name": "Iglas", "district": "Aligarh", "category": "GEN", "pc_no": 16, "pc_name": "Hathras", "winner_2022": "BJP", "lead_2024": "BJP", "margin_2024": 46240, "margin_pct_2024": 21.71}, "geometry": {"type": "Polygon", "coordinates": [[[77.9308, 27.268], [78.0816, 27.268], [78.0816, 27.979], [77.9308, 27.979], [77.9308, 27.268]]]}}, {"type": "Feature", "properties": {"ac_no": 78, "ac_name": "Hathras", "district": "Hathras", "category": "GEN", "pc_no": 16, "pc_name": "Hathras", "winner_2022": "BJP", "lead_2024": "BJP", "margin_2024": 81322, "margin_pct_2024": 34.99}, "geometry": {"type": "Polygon", "coordinates": [[[78.0816, 27.268], [78.2324, 27.268], [78.2324, 27.979], [78.0816, 27.979], [78.0816, 27.268]]]}}, {"type": "Feature", "properties": {"ac_no": 79, "ac_name": "Sadabad", "district": "Hathras", "category": "GEN", "pc_no": 16, "pc_name": "Hathras", "winner_2022": "RLD", "lead_2024": "BJP", "margin_2024": 52855, "margin_pct_2024": 26.75}, "geometry": {"type": "Polygon", "coordinates": [[[78.2324, 27.268], [78.3832, 27.268], [78.3832, 27.979], [78.2324, 27.979], [78.2324, 27.268]]]}}, {"type": "Feature", "properties": {"ac_no": 80, "ac_name": "Sikandra Rao", "district": "Hathras", "category": "GEN", "pc_no": 16, "pc_name": "Hathras", "winner_2022": "BJP", "lead_2024": "BJP", "margin_2024": 23977, "margin_pct_2024": 11.43}, "geometry": {"type": "Polygon", "coordinates": [[[78.3832, 27.268], [78.534, 27.268], [78.534, 27.979], [78.3832, 27.979], [78.3832, 27.268]]]}}, {"type": "Feature", "properties": {"ac_no": 81, "ac_name": "Chhata", "district": "Mathura", "category": "GEN", "pc_no": 17, "pc_name": "Mathura", "winner_2022": "BJP", "lead_2024": "BJP", "margin_2024": 74546, "margin_pct_2024": 40.59}, "geometry": {"type": "Polygon", "coordinates": [[[77.283, 27.234], [77.95, 27.234], [77.95, 27.3804], [77.283, 27.3804], [77.283, 27.234]]]}}, {"type": "Feature", "properties": {"ac_no": 82, "ac_name": "Mant", "district": "Mathura", "category": "GEN", "pc_no": 17, "pc_name": "Mathura", "winner_2022": "BJP", "lead_2024": "BJP", "margin_2024": 43530, "margin_pct_2024": 24.51}, "geometry": {"type": "Polygon", "coordinates": [[[77.283, 27.3804], [77.95, 27.3804], [77.95, 27.5268], [77.283, 27.5268], [77.283, 27.3804]]]}}, {"type": "Feature", "properties": {"ac_no": 83, "ac_name": "Goverdhan", "district": "Mathura", "category": "GEN", "pc_no": 17, "pc_name": "Mathura", "winner_2022": "BJP", "lead_2024": "BJP", "margin_2024": 30309, "margin_pct_2024": 17.77}, "geometry": {"type": "Polygon", "coordinates": [[[77.283, 27.5268], [77.95, 27.5268], [77.95, 27.6732], [77.283, 27.6732], [77.283, 27.5268]]]}}, {"type": "Feature", "properties": {"ac_no": 84, "ac_name": "Mathura", "district": "Mathura", "category": "GEN", "pc_no": 17, "pc_name": "Mathura", "winner_2022": "BJP", "lead_2024": "BJP", "margin_2024": 81784, "margin_pct_2024": 37.67}, "geometry": {"type": "Polygon", "coordinates": [[[77.283, 27.6732], [77.95, 27.6732], [77.95, 27.8196], [77.283, 27.8196], [77.283, 27.6732]]]}}, {"type": "Feature", "properties": {"ac_no": 85, "ac_name": "Baldev", "district": "Mathura", "category": "GEN", "pc_no": 17, "pc_name": "Mathura", "winner_2022": "BJP", "lead_2024": "BJP", "margin_2024": 37846, "margin_pct_2024": 18.92}, "geometry": {"type": "Polygon", "coordinates": [[[77.283, 27.8196], [77.95, 27.8196], [77.95, 27.966], [77.283, 27.966], [77.283, 27.8196]]]}}, {"type": "Feature", "properties": {"ac_no": 86, "ac_name": "Etmadpur", "district": "Agra", "category": "GEN", "pc_no": 18, "pc_name": "Agra", "winner_2022": "BJP", "lead_2024": "BJP", "margin_2024": 78151, "margin_pct_2024": 28.66}, "geometry": {"type": "Polygon", "coordinates": [[[77.928, 27.111], [78.0622, 27.111], [78.0622, 27.591], [77.928, 27.591], [77.928, 27.111]]]}}, {"type": "Feature", "properties": {"ac_no": 87, "ac_name": "Agra Cantt.", "district": "Agra", "category": "GEN", "pc_no": 18, "pc_name": "Agra", "winner_2022": "BJP", "lead_2024": "BJP", "margin_2024": 37642, "margin_pct_2024": 16.41}, "geometry": {"type": "Polygon", "coordinates": [[[78.0622, 27.111], [78.1964, 27.111], [78.1964, 27.591], [78.0622, 27.591], [78.0622, 27.111]]]}}, {"type": "Feature", "properties": {"ac_no": 88, "ac_name": "Agra South", "district": "Agra", "category": "GEN", "pc_no": 18, "pc_name": "Agra", "winner_2022": "BJP", "lead_2024": "BJP", "margin_2024": 41345, "margin_pct_2024": 21.63}, "geometry": {"type": "Polygon", "coordinates": [[[78.1964, 27.111], [78.3306, 27.111], [78.3306, 27.591], [78.1964, 27.591], [78.1964, 27.111]]]}}, {"type": "Feature", "properties": {"ac_no": 89, "ac_name": "Agra North", "district": "Agra", "category": "GEN", "pc_no": 18, "pc_name": "Agra", "winner_2022": "BJP", "lead_2024": "BJP", "margin_2024": 103504, "margin_pct_2024": 45.27}, "geometry": {"type": "Polygon", "coordinates": [[[78.3306, 27.111], [78.4648, 27.111], [78.4648, 27.591], [78.3306, 27.591], [78.3306, 27.111]]]}}, {"type": "Feature", "properties": {"ac_no": 106, "ac_name": "Jalesar", "district": "Etah", "category": "GEN", "pc_no": 18, "pc_name": "Agra", "winner_2022": "BJP", "lead_2024": "BJP", "margin_2024": 9775, "margin_pct_2024": 5.13}, "geometry": {"type": "Polygon", "coordinates": [[[78.4648, 27.111], [78.599, 27.111], [78.599, 27.591], [78.4648, 27.591], [78.4648, 27.111]]]}}, {"type": "Feature", "properties": {"ac_no": 90, "ac_name": "Agra Rural", "district": "Agra", "category": "GEN", "pc_no": 19, "pc_name": "Fatehpur Sikri", "winner_2022": "BJP", "lead_2024": "BJP", "margin_2024": 19362, "margin_pct_2024": 7.76}, "geometry": {"type": "Polygon", "coordinates": [[[77.422, 26.742], [77.7082, 26.742], [77.7082, 27.297], [77.422, 27.297], [77.422, 26.742]]]}}, {"type": "Feature", "properties": {"ac_no": 91, "ac_name": "Fatehpur Sikri", "district": "Agra", "category": "GEN", "pc_no": 19, "pc_name": "Fatehpur Sikri", "winner_2022": "BJP", "lead_2024": "BJP", "margin_2024": 19884, "margin_pct_2024": 8.93}, "geometry": {"type": "Polygon", "coordinates": [[[77.7082, 26.742], [77.9944, 26.742], [77.9944, 27.297], [77.7082, 27.297], [77.7082, 26.742]]]}}, {"type": "Feature", "properties": {"ac_no": 92, "ac_name": "Kheragarh", "district": "Agra", "category": "GEN", "pc_no": 19, "pc_name": "Fatehpur Sikri", "winner_2022": "BJP", "lead_2024": "INC", "margin_2024": 21089, "margin_pct_2024": 10.74}, "geometry": {"type": "Polygon", "coordinates": [[[77.9944, 26.742], [78.2806, 26.742], [78.2806, 27.297], [77.9944, 27.297], [77.9944, 26.742]]]}}, {"type": "Feature", "properties": {"ac_no": 93, "ac_name": "Fatehabad", "district": "Agra", "category": "GEN", "pc_no": 19, "pc_name": "Fatehpur Sikri", "winner_2022": "BJP", "lead_2024": "BJP", "margin_2024": 27487, "margin_pct_2024": 14.42}, "geometry": {"type": "Polygon", "coordinates": [[[78.2806, 26.742], [78.5668, 26.742], [78.5668, 27.297], [78.2806, 27.297], [78.2806, 26.742]]]}}, {"type": "Feature", "properties": {"ac_no": 94, "ac_name": "Bah", "district": "Agra", "category": "GEN", "pc_no": 19, "pc_name": "Fatehpur Sikri", "winner_2022": "BJP", "lead_2024": "INC", "margin_2024": 3354, "margin_pct_2024": 2.07}, "geometry": {"type": "Polygon", "coordinates": [[[78.5668, 26.742], [78.853, 26.742], [78.853, 27.297], [78.5668, 27.297], [78.5668, 26.742]]]}}, {"type": "Feature", "properties": {"ac_no": 95, "ac_name": "Tundla", "district": "Firozabad", "category": "GEN", "pc_no": 20, "pc_name": "Firozabad", "winner_2022": "BJP", "lead_2024": "BJP", "margin_2024": 17196, "margin_pct_2024": 7.43}, "geometry": {"type": "Polygon", "coordinates": [[[78.196, 26.877], [78.821, 26.877], [78.821, 27.0036], [78.196, 27.0036], [78.196, 26.877]]]}}, {"type": "Feature", "properties": {"ac_no": 96, "ac_name": "Jasrana", "district": "Firozabad", "category": "GEN", "pc_no": 20, "pc_name": "Firozabad", "winner_2022": "SP", "lead_2024": "SP", "margin_2024": 25897, "margin_pct_2024": 11.44}, "geometry": {"type": "Polygon", "coordinates": [[[78.196, 27.0036], [78.821, 27.0036], [78.821, 27.1302], [78.196, 27.1302], [78.196, 27.0036]]]}}, {"type": "Feature", "properties": {"ac_no": 97, "ac_name": "Firozabad", "district": "Firozabad", "category": "GEN", "pc_no": 20, "pc_name": "Firozabad", "winner_2022": "BJP", "lead_2024": "SP", "margin_2024": 15929, "margin_pct_2024": 6.74}, "geometry": {"type": "Polygon", "coordinates": [[[78.196, 27.1302], [78.821, 27.1302], [78.821, 27.2568], [78.196, 27.2568], [78.196, 27.1302]]]}}, {"type": "Feature", "properties": {"ac_no": 98, "ac_name": "Shikohabad", "district": "Firozabad", "category": "GEN", "pc_no": 20, "pc_name": "Firozabad", "winner_2022": "SP", "lead_2024": "SP", "margin_2024": 30861, "margin_pct_2024": 14.16}, "geometry": {"type": "Polygon", "coordinates": [[[78.196, 27.2568], [78.821, 27.2568], [78.821, 27.3834], [78.196, 27.3834], [78.196, 27.2568]]]}}, {"type": "Feature", "properties": {"ac_no": 99, "ac_name": "Sirsaganj", "district": "Firozabad", "category": "GEN", "pc_no": 20, "pc_name": "Firozabad", "winner_2022": "SP", "lead_2024": "SP", "margin_2024": 33424, "margin_pct_2024": 17.8}, "geometry": {"type": "Polygon", "coordinates": [[[78.196, 27.3834], [78.821, 27.3834], [78.821, 27.51], [78.196, 27.51], [78.196, 27.3834]]]}}, {"type": "Feature", "properties": {"ac_no": 100, "ac_name": "Kasganj", "district": "Kasganj", "category": "GEN", "pc_no": 22, "pc_name": "Etah", "winner_2022": "BJP", "lead_2024": "BJP", "margin_2024": 23440, "margin_pct_2024": 10.45}, "geometry": {"type": "Polygon", "coordinates": [[[78.435, 27.333], [78.5894, 27.333], [78.5894, 28.028], [78.435, 28.028], [78.435, 27.333]]]}}, {"type": "Feature", "properties": {"ac_no": 101, "ac_name": "Amanpur", "district": "Kasganj", "category": "GEN", "pc_no": 22, "pc_name": "Etah", "winner_2022": "BJP", "lead_2024": "BJP", "margin_2024": 4788, "margin_pct_2024": 2.58}, "geometry": {"type": "Polygon", "coordinates": [[[78.5894, 27.333], [78.7438, 27.333], [78.7438, 28.028], [78.5894, 28.028], [78.5894, 27.333]]]}}, {"type": "Feature", "properties": {"ac_no": 102, "ac_name": "Patiyali", "district": "Kasganj", "category": "GEN", "pc_no": 22, "pc_name": "Etah", "winner_2022": "SP", "lead_2024": "SP", "margin_2024": 43098, "margin_pct_2024": 21.65}, "geometry": {"type": "Polygon", "coordinates": [[[78.7438, 27.333], [78.8982, 27.333], [78.8982, 28.028], [78.7438, 28.028], [78.7438, 27.333]]]}}, {"type": "Feature", "properties": {"ac_no": 104, "ac_name": "Etah", "district": "Etah", "category": "GEN", "pc_no": 22, "pc_name": "Etah", "winner_2022": "BJP", "lead_2024": "SP", "margin_2024": 15480, "margin_pct_2024": 7.97}, "geometry": {"type": "Polygon", "coordinates": [[[78.8982, 27.333], [79.0526, 27.333], [79.0526, 28.028], [78.8982, 28.028], [78.8982, 27.333]]]}}, {"type": "Feature", "properties": {"ac_no": 105, "ac_name": "Marhara", "district": "Etah", "category": "GEN", "pc_no": 22, "pc_name": "Etah", "winner_2022": "BJP", "lead_2024": "BJP", "margin_2024": 2835, "margin_pct_2024": 1.42}, "geometry": {"type": "Polygon", "coordinates": [[[79.0526, 27.333], [79.207, 27.333], [79.207, 28.028], [79.0526, 28.028], [79.0526, 27.333]]]}}, {"type": "Feature", "properties": {"ac_no": 103, "ac_name": "Aliganj", "district": "Etah", "category": "GEN", "pc_no": 40, "pc_name": "Farrukhabad", "winner_2022": "BJP", "lead_2024": "SP", "margin_2024": 21396, "margin_pct_2024": 9.89}, "geometry": {"type": "Polygon", "coordinates": [[[78.893, 27.157], [79.0618, 27.157], [79.0618, 27.715], [78.893, 27.715], [78.893, 27.157]]]}}, {"type": "Feature", "properties": {"ac_no": 192, "ac_name": "Kaimganj", "district": "Farrukhabad", "category": "GEN", "pc_no": 40, "pc_name": "Farrukhabad", "winner_2022": "ADAL", "lead_2024": "SP", "margin_2024": 11296, "margin_pct_2024": 4.71}, "geometry": {"type": "Polygon", "coordinates": [[[79.0618, 27.157], [79.2306, 27.157], [79.2306, 27.715], [79.0618, 27.715], [79.0618, 27.157]]]}}, {"type": "Feature", "properties": {"ac_no": 193, "ac_name": "Amritpur", "district": "Farrukhabad", "category": "GEN", "pc_no": 40, "pc_name": "Farrukhabad", "winner_2022": "BJP", "lead_2024": "BJP", "margin_2024": 14756, "margin_pct_2024": 8.17}, "geometry": {"type": "Polygon", "coordinates": [[[79.2306, 27.157], [79.3994, 27.157], [79.3994, 27.715], [79.2306, 27.715], [79.2306, 27.157]]]}}, {"type": "Feature", "properties": {"ac_no": 194, "ac_name": "Farrukhabad", "district": "Farrukhabad", "category": "GEN", "pc_no": 40, "pc_name": "Farrukhabad", "winner_2022": "BJP", "lead_2024": "BJP", "margin_2024": 11510, "margin_pct_2024": 5.79}, "geometry": {"type": "Polygon", "coordinates": [[[79.3994, 27.157], [79.5682, 27.157], [79.5682, 27.715], [79.3994, 27.715], [79.3994, 27.157]]]}}, {"type": "Feature", "properties": {"ac_no": 195, "ac_name": "Bhojpur", "district": "Farrukhabad", "category": "GEN", "pc_no": 40, "pc_name": "Farrukhabad", "winner_2022": "BJP", "lead_2024": "BJP", "margin_2024": 8866, "margin_pct_2024": 4.62}, "geometry": {"type": "Polygon", "coordinates": [[[79.5682, 27.157], [79.737, 27.157], [79.737, 27.715], [79.5682, 27.715], [79.5682, 27.157]]]}}, {"type": "Feature", "properties": {"ac_no": 107, "ac_name": "Mainpuri", "district": "Mainpuri", "category": "GEN", "pc_no": 21, "pc_name": "Mainpuri", "winner_2022": "BJP", "lead_2024": "SP", "margin_2024": 26265, "margin_pct_2024": 13.43}, "geometry": {"type": "Polygon", "coordinates": [[[78.69, 26.8], [78.8398, 26.8], [78.8398, 27.47], [78.69, 27.47], [78.69, 26.8]]]}}, {"type": "Feature", "properties": {"ac_no": 108, "ac_name": "Bhongaon", "district": "Mainpuri", "category": "GEN", "pc_no": 21, "pc_name": "Mainpuri", "winner_2022": "BJP", "lead_2024": "SP", "margin_2024": 14053, "margin_pct_2024": 7.07}, "geometry": {"type": "Polygon", "coordinates": [[[78.8398, 26.8], [78.9896, 26.8], [78.9896, 27.47], [78.8398, 27.47], [78.8398, 26.8]]]}}, {"type": "Feature", "properties": {"ac_no": 109, "ac_name": "Kishani", "district": "Mainpuri", "category": "GEN", "pc_no": 21, "pc_name": "Mainpuri", "winner_2022": "SP", "lead_2024": "SP", "margin_2024": 34825, "margin_pct_2024": 18.36}, "geometry": {"type": "Polygon", "coordinates": [[[78.9896, 26.8], [79.1394, 26.8], [79.1394, 27.47], [78.9896, 27.47], [78.9896, 26.8]]]}}, {"type": "Feature", "properties": {"ac_no": 110, "ac_name": "Karhal", "district": "Mainpuri", "category": "GEN", "pc_no": 21, "pc_name": "Mainpuri", "winner_2022": "SP", "lead_2024": "SP", "margin_2024": 57540, "margin_pct_2024": 25.5}, "geometry": {"type": "Polygon", "coordinates": [[[79.1394, 26.8], [79.2892, 26.8], [79.2892, 27.47], [79.1394, 27.47], [79.1394, 26.8]]]}}, {"type": "Feature", "properties": {"ac_no": 199, "ac_name": "Jaswantnagar", "district": "Etawah", "category": "GEN", "pc_no": 21, "pc_name": "Mainpuri", "winner_2022": "SP", "lead_2024": "SP", "margin_2024": 88132, "margin_pct_2024": 37.2}, "geometry": {"type": "Polygon", "coordinates": [[[79.2892, 26.8], [79.439, 26.8], [79.439, 27.47], [79.2892, 27.47], [79.2892, 26.8]]]}}, {"type": "Feature", "properties": {"ac_no": 111, "ac_name": "Gunnaur", "district": "Sambhal", "category": "GEN", "pc_no": 23, "pc_name": "Badaun", "winner_2022": "SP", "lead_2024": "SP", "margin_2024": 40032, "margin_pct_2024": 18.09}, "geometry": {"type": "Polygon", "coordinates": [[[78.271, 27.9], [78.4826, 27.9], [78.4826, 28.474], [78.271, 28.474], [78.271, 27.9]]]}}, {"type": "Feature", "properties": {"ac_no": 112, "ac_name": "Bisauli", "district": "Budaun", "category": "GEN", "pc_no": 23, "pc_name": "Badaun", "winner_2022": "SP", "lead_2024": "BJP", "margin_2024": 11795, "margin_pct_2024": 5.01}, "geometry": {"type": "Polygon", "coordinates": [[[78.4826, 27.9], [78.6942, 27.9], [78.6942, 28.474], [78.4826, 28.474], [78.4826, 27.9]]]}}, {"type": "Feature", "properties": {"ac_no": 113, "ac_name": "Sahaswan", "district": "Budaun", "category": "GEN", "pc_no": 23, "pc_name": "Badaun", "winner_2022": "SP", "lead_2024": "SP", "margin_2024": 36105, "margin_pct_2024": 16.06}, "geometry": {"type": "Polygon", "coordinates": [[[78.6942, 27.9], [78.9058, 27.9], [78.9058, 28.474], [78.6942, 28.474], [78.6942, 27.9]]]}}, {"type": "Feature", "properties": {"ac_no": 114, "ac_name": "Bilsi", "district": "Budaun", "category": "GEN", "pc_no": 23, "pc_name": "Badaun", "winner_2022": "BJP", "lead_2024": "BJP", "margin_2024": 13709, "margin_pct_2024": 7.19}, "geometry": {"type": "Polygon", "coordinates": [[[78.9058, 27.9], [79.1174, 27.9], [79.1174, 28.474], [78.9058, 28.474], [78.9058, 27.9]]]}}, {"type": "Feature", "properties": {"ac_no": 115, "ac_name": "Badaun", "district": "Budaun", "category": "GEN", "pc_no": 23, "pc_name": "Badaun", "winner_2022": "BJP", "lead_2024": "BJP", "margin_2024": 15566, "margin_pct_2024": 7.42}, "geometry": {"type": "Polygon", "coordinates": [[[79.1174, 27.9], [79.329, 27.9], [79.329, 28.474], [79.1174, 28.474], [79.1174, 27.9]]]}}, {"type": "Feature", "properties": {"ac_no": 116, "ac_name": "Shekhupur", "district": "Budaun", "category": "GEN", "pc_no": 24, "pc_name": "Aonla", "winner_2022": "SP", "lead_2024": "SP", "margin_2024": 15111, "margin_pct_2024": 6.76}, "geometry": {"type": "Polygon", "coordinates": [[[78.9, 27.658], [79.741, 27.658], [79.741, 27.8282], [78.9, 27.8282], [78.9, 27.658]]]}}, {"type": "Feature", "properties": {"ac_no": 117, "ac_name": "Dataganj", "district": "Budaun", "category": "GEN", "pc_no": 24, "pc_name": "Aonla", "winner_2022": "BJP", "lead_2024": "BJP", "margin_2024": 3144, "margin_pct_2024": 1.41}, "geometry": {"type": "Polygon", "coordinates": [[[78.9, 27.8282], [79.741, 27.8282], [79.741, 27.9984], [78.9, 27.9984], [78.9, 27.8282]]]}}, {"type": "Feature", "properties": {"ac_no": 122, "ac_name": "Faridpur", "district": "Bareilly", "category": "GEN", "pc_no": 24, "pc_name": "Aonla", "winner_2022": "BJP", "lead_2024": "SP", "margin_2024": 10395, "margin_pct_2024": 5.15}, "geometry": {"type": "Polygon", "coordinates": [[[78.9, 27.9984], [79.741, 27.9984], [79.741, 28.1686], [78.9, 28.1686], [78.9, 27.9984]]]}}, {"type": "Feature", "properties": {"ac_no": 123, "ac_name": "Bithari Chainpur", "district": "Bareilly", "category": "GEN", "pc_no": 24, "pc_name": "Aonla", "winner_2022": "BJP", "lead_2024": "SP", "margin_2024": 1811, "margin_pct_2024": 0.74}, "geometry": {"type": "Polygon", "coordinates": [[[78.9, 28.1686], [79.741, 28.1686], [79.741, 28.3388], [78.9, 28.3388], [78.9, 28.1686]]]}}, {"type": "Feature", "properties": {"ac_no": 126, "ac_name": "Aonla", "district": "Bareilly", "category": "GEN", "pc_no": 24, "pc_name": "Aonla", "winner_2022": "BJP", "lead_2024": "BJP", "margin_2024": 8488, "margin_pct_2024": 4.52}, "geometry": {"type": "Polygon", "coordinates": [[[78.9, 28.3388], [79.741, 28.3388], [79.741, 28.509], [78.9, 28.509], [78.9, 28.3388]]]}}, {"type": "Feature", "properties": {"ac_no": 118, "ac_name": "Baheri", "district": "Bareilly", "category": "GEN", "pc_no": 26, "pc_name": "Pilibhit", "winner_2022": "SP", "lead_2024": "SP", "margin_2024": 2367, "margin_pct_2024": 0.99}, "geometry": {"type": "Polygon", "coordinates": [[[79.358, 28.101], [79.5762, 28.101], [79.5762, 28.902], [79.358, 28.902], [79.358, 28.101]]]}}, {"type": "Feature", "properties": {"ac_no": 127, "ac_name": "Pilibhit", "district": "Pilibhit", "category": "GEN", "pc_no": 26, "pc_name": "Pilibhit", "winner_2022": "BJP", "lead_2024": "BJP", "margin_2024": 18294, "margin_pct_2024": 7.77}, "geometry": {"type": "Polygon", "coordinates": [[[79.5762, 28.101], [79.7944, 28.101], [79.7944, 28.902], [79.5762, 28.902], [79.5762, 28.101]]]}}, {"type": "Feature", "properties": {"ac_no": 128, "ac_name": "Barkhera", "district": "Pilibhit", "category": "GEN", "pc_no": 26, "pc_name": "Pilibhit", "winner_2022": "BJP", "lead_2024": "BJP", "margin_2024": 77263, "margin_pct_2024": 35.38}, "geometry": {"type": "Polygon", "coordinates": [[[79.7944, 28.101], [80.0126, 28.101], [80.0126, 28.902], [79.7944, 28.902], [79.7944, 28.101]]]}}, {"type": "Feature", "properties": {"ac_no": 129, "ac_name": "Puranpur", "district": "Pilibhit", "category": "GEN", "pc_no": 26, "pc_name": "Pilibhit", "winner_2022": "BJP", "lead_2024": "BJP", "margin_2024": 41664, "margin_pct_2024": 16.98}, "geometry": {"type": "Polygon", "coordinates": [[[80.0126, 28.101], [80.2308, 28.101], [80.2308, 28.902], [80.0126, 28.902], [80.0126, 28.101]]]}}, {"type": "Feature", "properties": {"ac_no": 130, "ac_name": "Bisalpur", "district": "Pilibhit", "category": "GEN", "pc_no": 26, "pc_name": "Pilibhit", "winner_2022": "BJP", "lead_2024": "BJP", "margin_2024": 30610, "margin_pct_2024": 14.54}, "geometry": {"type": "Polygon", "coordinates": [[[80.2308, 28.101], [80.449, 28.101], [80.449, 28.902], [80.2308, 28.902], [80.2308, 28.101]]]}}, {"type": "Feature", "properties": {"ac_no": 119, "ac_name": "Meerganj", "district": "Bareilly", "category": "GEN", "pc_no": 25, "pc_name": "Bareilly", "winner_2022": "BJP", "lead_2024": "BJP", "margin_2024": 27034, "margin_pct_2024": 12.37}, "geometry": {"type": "Polygon", "coordinates": [[[79.107, 28.309], [79.2436, 28.309], [79.2436, 28.781], [79.107, 28.781], [79.107, 28.309]]]}}, {"type": "Feature", "properties": {"ac_no": 120, "ac_name": "Bhojipura", "district": "Bareilly", "category": "GEN", "pc_no": 25, "pc_name": "Bareilly", "winner_2022": "SP", "lead_2024": "SP", "margin_2024": 12870, "margin_pct_2024": 5.09}, "geometry": {"type": "Polygon", "coordinates": [[[79.2436, 28.309], [79.3802, 28.309], [79.3802, 28.781], [79.2436, 28.781], [79.2436, 28.309]]]}}, {"type": "Feature", "properties": {"ac_no": 121, "ac_name": "Nawabganj", "district": "Bareilly", "category": "GEN", "pc_no": 25, "pc_name": "Bareilly", "winner_2022": "BJP", "lead_2024": "SP", "margin_2024": 904, "margin_pct_2024": 0.42}, "geometry": {"type": "Polygon", "coordinates": [[[79.3802, 28.309], [79.5168, 28.309], [79.5168, 28.781], [79.3802, 28.781], [79.3802, 28.309]]]}}, {"type": "Feature", "properties": {"ac_no": 124, "ac_name": "Bareilly", "district": "Bareilly", "category": "GEN", "pc_no": 25, "pc_name": "Bareilly", "winner_2022": "BJP", "lead_2024": "BJP", "margin_2024": 18229, "margin_pct_2024": 7.85}, "geometry": {"type": "Polygon", "coordinates": [[[79.5168, 28.309], [79.6534, 28.309], [79.6534, 28.781], [79.5168, 28.781], [79.5168, 28.309]]]}}, {"type": "Feature", "properties": {"ac_no": 125, "ac_name": "Bareilly Cantt.", "district": "Bareilly", "category": "GEN", "pc_no": 25, "pc_name": "Bareilly", "winner_2022": "BJP", "lead_2024": "BJP", "margin_2024": 3286, "margin_pct_2024": 1.73}, "geometry": {"type": "Polygon", "coordinates": [[[79.6534, 28.309], [79.79, 28.309], [79.79, 28.781], [79.6534, 28.781], [79.6534, 28.309]]]}}, {"type": "Feature", "properties": {"ac_no": 131, "ac_name": "Katra", "district": "Shahjahanpur", "category": "GEN", "pc_no": 27, "pc_name": "Shahjahanpur", "winner_2022": "BJP", "lead_2024": "BJP", "margin_2024": 6384, "margin_pct_2024": 3.47}, "geometry": {"type": "Polygon", "coordinates": [[[79.323, 27.449], [79.49883, 27.449], [79.49883, 28.469], [79.323, 28.469], [79.323, 27.449]]]}}, {"type": "Feature", "properties": {"ac_no": 132, "ac_name": "Jalalabad", "district": "Shahjahanpur", "category": "GEN", "pc_no": 27, "pc_name": "Shahjahanpur", "winner_2022": "BJP", "lead_2024": "SP", "margin_2024": 19440, "margin_pct_2024": 9.66}, "geometry": {"type": "Polygon", "coordinates": [[[79.49883, 27.449], [79.67467, 27.449], [79.67467, 28.469], [79.49883, 28.469], [79.49883, 27.449]]]}}, {"type": "Feature", "properties": {"ac_no": 133, "ac_name": "Tilhar", "district": "Shahjahanpur", "category": "GEN", "pc_no": 27, "pc_name": "Shahjahanpur", "winner_2022": "BJP", "lead_2024": "SP", "margin_2024": 7984, "margin_pct_2024": 3.92}, "geometry": {"type": "Polygon", "coordinates": [[[79.67467, 27.449], [79.8505, 27.449], [79.8505, 28.469], [79.67467, 28.469], [79.67467, 27.449]]]}}, {"type": "Feature", "properties": {"ac_no": 134, "ac_name": "Powayan", "district": "Shahjahanpur", "category": "GEN", "pc_no": 27, "pc_name": "Shahjahanpur", "winner_2022": "BJP", "lead_2024": "BJP", "margin_2024": 56170, "margin_pct_2024": 24.74}, "geometry": {"type": "Polygon", "coordinates": [[[79.8505, 27.449], [80.02633, 27.449], [80.02633, 28.469], [79.8505, 28.469], [79.8505, 27.449]]]}}, {"type": "Feature", "properties": {"ac_no": 135, "ac_name": "Shahjahanpur", "district": "Shahjahanpur", "category": "GEN", "pc_no": 27, "pc_name": "Shahjahanpur", "winner_2022": "BJP", "lead_2024": "BJP", "margin_2024": 3183, "margin_pct_2024": 1.59}, "geometry": {"type": "Polygon", "coordinates": [[[80.02633, 27.449], [80.20217, 27.449], [80.20217, 28.469], [80.02633, 28.469], [80.02633, 27.449]]]}}, {"type": "Feature", "properties": {"ac_no": 136, "ac_name": "Dadraul", "district": "Shahjahanpur", "category": "GEN", "pc_no": 27, "pc_name": "Shahjahanpur", "winner_2022": "BJP", "lead_2024": "BJP", "margin_2024": 18467, "margin_pct_2024": 8.45}, "geometry": {"type": "Polygon", "coordinates": [[[80.20217, 27.449], [80.378, 27.449], [80.378, 28.469], [80.20217, 28.469], [80.20217, 27.449]]]}}, {"type": "Feature", "properties": {"ac_no": 137, "ac_name": "Palia", "district": "Lakhimpur Kheri", "category": "GEN", "pc_no": 28, "pc_name": "Kheri", "winner_2022": "BJP", "lead_2024": "BJP", "margin_2024": 6843, "margin_pct_2024": 2.97}, "geometry": {"type": "Polygon", "coordinates": [[[80.275, 27.791], [81.145, 27.791], [81.145, 27.9708], [80.275, 27.9708], [80.275, 27.791]]]}}, {"type": "Feature", "properties": {"ac_no": 138, "ac_name": "Nighasan", "district": "Lakhimpur Kheri", "category": "GEN", "pc_no": 28, "pc_name": "Kheri", "winner_2022": "BJP", "lead_2024": "BJP", "margin_2024": 17306, "margin_pct_2024": 7.22}, "geometry": {"type": "Polygon", "coordinates": [[[80.275, 27.9708], [81.145, 27.9708], [81.145, 28.1506], [80.275, 28.1506], [80.275, 27.9708]]]}}, {"type": "Feature", "properties": {"ac_no": 139, "ac_name": "Gola Gokrannath", "district": "Lakhimpur Kheri", "category": "GEN", "pc_no": 28, "pc_name": "Kheri", "winner_2022": "BJP", "lead_2024": "SP", "margin_2024": 26227, "margin_pct_2024": 10.61}, "geometry": {"type": "Polygon", "coordinates": [[[80.275, 28.1506], [81.145, 28.1506], [81.145, 28.3304], [80.275, 28.3304], [80.275, 28.1506]]]}}, {"type": "Feature", "properties": {"ac_no": 140, "ac_name": "SRI NAGAR (SC)", "district": "Lakhimpur Kheri", "category": "GEN", "pc_no": 28, "pc_name": "Kheri", "winner_2022": "BJP", "lead_2024": "SP", "margin_2024": 24012, "margin_pct_2024": 10.56}, "geometry": {"type": "Polygon", "coordinates": [[[80.275, 28.3304], [81.145, 28.3304], [81.145, 28.5102], [80.275, 28.5102], [80.275, 28.3304]]]}}, {"type": "Feature", "properties": {"ac_no": 142, "ac_name": "Lakhimpur", "district": "Lakhimpur Kheri", "category": "GEN", "pc_no": 28, "pc_name": "Kheri", "winner_2022": "BJP", "lead_2024": "SP", "margin_2024": 7233, "margin_pct_2024": 2.81}, "geometry": {"type": "Polygon", "coordinates": [[[80.275, 28.5102], [81.145, 28.5102], [81.145, 28.69], [80.275, 28.69], [80.275, 28.5102]]]}}, {"type": "Feature", "properties": {"ac_no": 141, "ac_name": "Dhaurahra", "district": "Lakhimpur Kheri", "category": "GEN", "pc_no": 29, "pc_name": "Dhaurahra", "winner_2022": "BJP", "lead_2024": "BJP", "margin_2024": 6132, "margin_pct_2024": 2.8}, "geometry": {"type": "Polygon", "coordinates": [[[80.031, 27.48], [80.2858, 27.48], [80.2858, 28.167], [80.031, 28.167], [80.031, 27.48]]]}}, {"type": "Feature", "properties": {"ac_no": 143, "ac_name": "Kasta", "district": "Lakhimpur Kheri", "category": "GEN", "pc_no": 29, "pc_name": "Dhaurahra", "winner_2022": "BJP", "lead_2024": "SP", "margin_2024": 5719, "margin_pct_2024": 2.78}, "geometry": {"type": "Polygon", "coordinates": [[[80.2858, 27.48], [80.5406, 27.48], [80.5406, 28.167], [80.2858, 28.167], [80.2858, 27.48]]]}}, {"type": "Feature", "properties": {"ac_no": 144, "ac_name": "Mohammdi", "district": "Lakhimpur Kheri", "category": "GEN", "pc_no": 29, "pc_name": "Dhaurahra", "winner_2022": "BJP", "lead_2024": "SP", "margin_2024": 3255, "margin_pct_2024": 1.42}, "geometry": {"type": "Polygon", "coordinates": [[[80.5406, 27.48], [80.7954, 27.48], [80.7954, 28.167], [80.5406, 28.167], [80.5406, 27.48]]]}}, {"type": "Feature", "properties": {"ac_no": 145, "ac_name": "Maholi", "district": "Sitapur", "category": "GEN", "pc_no": 29, "pc_name": "Dhaurahra", "winner_2022": "BJP", "lead_2024": "BJP", "margin_2024": 695, "margin_pct_2024": 0.29}, "geometry": {"type": "Polygon", "coordinates": [[[80.7954, 27.48], [81.0502, 27.48], [81.0502, 28.167], [80.7954, 28.167], [80.7954, 27.48]]]}}, {"type": "Feature", "properties": {"ac_no": 147, "ac_name": "Hargaon", "district": "Sitapur", "category": "GEN", "pc_no": 29, "pc_name": "Dhaurahra", "winner_2022": "BJP", "lead_2024": "SP", "margin_2024": 1930, "margin_pct_2024": 0.91}, "geometry": {"type": "Polygon", "coordinates": [[[81.0502, 27.48], [81.305, 27.48], [81.305, 28.167], [81.0502, 28.167], [81.0502, 27.48]]]}}, {"type": "Feature", "properties": {"ac_no": 146, "ac_name": "Sitapur", "district": "Sitapur", "category": "GEN", "pc_no": 30, "pc_name": "Sitapur", "winner_2022": "BJP", "lead_2024": "INC", "margin_2024": 16326, "margin_pct_2024": 7.45}, "geometry": {"type": "Polygon", "coordinates": [[[80.546, 27.218], [80.72, 27.218], [80.72, 27.801], [80.546, 27.801], [80.546, 27.218]]]}}, {"type": "Feature", "properties": {"ac_no": 148, "ac_name": "Laharpur", "district": "Sitapur", "category": "GEN", "pc_no": 30, "pc_name": "Sitapur", "winner_2022": "SP", "lead_2024": "INC", "margin_2024": 24448, "margin_pct_2024": 10.83}, "geometry": {"type": "Polygon", "coordinates": [[[80.72, 27.218], [80.894, 27.218], [80.894, 27.801], [80.72, 27.801], [80.72, 27.218]]]}}, {"type": "Feature", "properties": {"ac_no": 149, "ac_name": "Biswan", "district": "Sitapur", "category": "GEN", "pc_no": 30, "pc_name": "Sitapur", "winner_2022": "BJP", "lead_2024": "INC", "margin_2024": 42531, "margin_pct_2024": 19.0}, "geometry": {"type": "Polygon", "coordinates": [[[80.894, 27.218], [81.068, 27.218], [81.068, 27.801], [80.894, 27.801], [80.894, 27.218]]]}}, {"type": "Feature", "properties": {"ac_no": 150, "ac_name": "Sevata", "district": "Sitapur", "category": "GEN", "pc_no": 30, "pc_name": "Sitapur", "winner_2022": "BJP", "lead_2024": "BJP", "margin_2024": 13825, "margin_pct_2024": 6.44}, "geometry": {"type": "Polygon", "coordinates": [[[81.068, 27.218], [81.242, 27.218], [81.242, 27.801], [81.068, 27.801], [81.068, 27.218]]]}}, {"type": "Feature", "properties": {"ac_no": 151, "ac_name": "Mahmoodabad", "district": "Sitapur", "category": "GEN", "pc_no": 30, "pc_name": "Sitapur", "winner_2022": "BJP", "lead_2024": "INC", "margin_2024": 19921, "margin_pct_2024": 9.47}, "geometry": {"type": "Polygon", "coordinates": [[[81.242, 27.218], [81.416, 27.218], [81.416, 27.801], [81.242, 27.801], [81.242, 27.218]]]}}, {"type": "Feature", "properties": {"ac_no": 152, "ac_name": "Sidhauli", "district": "Sitapur", "category": "GEN", "pc_no": 34, "pc_name": "Mohanlalganj", "winner_2022": "BJP", "lead_2024": "SP", "margin_2024": 55613, "margin_pct_2024": 23.19}, "geometry": {"type": "Polygon", "coordinates": [[[80.56, 26.505], [81.218, 26.505], [81.218, 26.6874], [80.56, 26.6874], [80.56, 26.505]]]}}, {"type": "Feature", "properties": {"ac_no": 168, "ac_name": "Malihabad", "district": "Lucknow", "category": "GEN", "pc_no": 34, "pc_name": "Mohanlalganj", "winner_2022": "BJP", "lead_2024": "SP", "margin_2024": 14196, "margin_pct_2024": 6.01}, "geometry": {"type": "Polygon", "coordinates": [[[80.56, 26.6874], [81.218, 26.6874], [81.218, 26.8698], [80.56, 26.8698], [80.56, 26.6874]]]}}, {"type": "Feature", "properties": {"ac_no": 169, "ac_name": "Bakshi Kaa Talab", "district": "Lucknow", "category": "GEN", "pc_no": 34, "pc_name": "Mohanlalganj", "winner_2022": "BJP", "lead_2024": "BJP", "margin_2024": 4223, "margin_pct_2024": 1.31}, "geometry": {"type": "Polygon", "coordinates": [[[80.56, 26.8698], [81.218, 26.8698], [81.218, 27.0522], [80.56, 27.0522], [80.56, 26.8698]]]}}, {"type": "Feature", "properties": {"ac_no": 170, "ac_name": "Sarojini Nagar", "district": "Lucknow", "category": "GEN", "pc_no": 34, "pc_name": "Mohanlalganj", "winner_2022": "BJP", "lead_2024": "BJP", "margin_2024": 26952, "margin_pct_2024": 8.27}, "geometry": {"type": "Polygon", "coordinates": [[[80.56, 27.0522], [81.218, 27.0522], [81.218, 27.2346], [80.56, 27.2346], [80.56, 27.0522]]]}}, {"type": "Feature", "properties": {"ac_no": 176, "ac_name": "Mohanlalganj", "district": "Lucknow", "category": "GEN", "pc_no": 34, "pc_name": "Mohanlalganj", "winner_2022": "BJP", "lead_2024": "SP", "margin_2024": 31729, "margin_pct_2024": 13.14}, "geometry": {"type": "Polygon", "coordinates": [[[80.56, 27.2346], [81.218, 27.2346], [81.218, 27.417], [80.56, 27.417], [80.56, 27.2346]]]}}, {"type": "Feature", "properties": {"ac_no": 153, "ac_name": "Misrikh", "district": "Sitapur", "category": "GEN", "pc_no": 32, "pc_name": "Misrikh", "winner_2022": "BJP", "lead_2024": "SP", "margin_2024": 21165, "margin_pct_2024": 10.2}, "geometry": {"type": "Polygon", "coordinates": [[[79.891, 26.52], [80.827, 26.52], [80.827, 26.7202], [79.891, 26.7202], [79.891, 26.52]]]}}, {"type": "Feature", "properties": {"ac_no": 159, "ac_name": "Bilgram-Mallanwan", "district": "Hardoi", "category": "GEN", "pc_no": 32, "pc_name": "Misrikh", "winner_2022": "BJP", "lead_2024": "BJP", "margin_2024": 5537, "margin_pct_2024": 2.54}, "geometry": {"type": "Polygon", "coordinates": [[[79.891, 26.7202], [80.827, 26.7202], [80.827, 26.9204], [79.891, 26.9204], [79.891, 26.7202]]]}}, {"type": "Feature", "properties": {"ac_no": 160, "ac_name": "Balamau", "district": "Hardoi", "category": "GEN", "pc_no": 32, "pc_name": "Misrikh", "winner_2022": "BJP", "lead_2024": "BJP", "margin_2024": 6979, "margin_pct_2024": 3.7}, "geometry": {"type": "Polygon", "coordinates": [[[79.891, 26.9204], [80.827, 26.9204], [80.827, 27.1206], [79.891, 27.1206], [79.891, 26.9204]]]}}, {"type": "Feature", "properties": {"ac_no": 161, "ac_name": "Sandila", "district": "Hardoi", "category": "GEN", "pc_no": 32, "pc_name": "Misrikh", "winner_2022": "BJP", "lead_2024": "BJP", "margin_2024": 25604, "margin_pct_2024": 13.33}, "geometry": {"type": "Polygon", "coordinates": [[[79.891, 27.1206], [80.827, 27.1206], [80.827, 27.3208], [79.891, 27.3208], [79.891, 27.1206]]]}}, {"type": "Feature", "properties": {"ac_no": 209, "ac_name": "Bilhaur", "district": "Kanpur Nagar", "category": "GEN", "pc_no": 32, "pc_name": "Misrikh", "winner_2022": "BJP", "lead_2024": "BJP", "margin_2024": 16859, "margin_pct_2024": 7.17}, "geometry": {"type": "Polygon", "coordinates": [[[79.891, 27.3208], [80.827, 27.3208], [80.827, 27.521], [79.891, 27.521], [79.891, 27.3208]]]}}, {"type": "Feature", "properties": {"ac_no": 154, "ac_name": "Sawaijpur", "district": "Hardoi", "category": "GEN", "pc_no": 31, "pc_name": "Hardoi", "winner_2022": "BJP", "lead_2024": "BJP", "margin_2024": 19137, "margin_pct_2024": 8.26}, "geometry": {"type": "Polygon", "coordinates": [[[79.684, 27.135], [79.8406, 27.135], [79.8406, 27.779], [79.684, 27.779], [79.684, 27.135]]]}}, {"type": "Feature", "properties": {"ac_no": 155, "ac_name": "Shahabad", "district": "Hardoi", "category": "GEN", "pc_no": 31, "pc_name": "Hardoi", "winner_2022": "BJP", "lead_2024": "SP", "margin_2024": 6170, "margin_pct_2024": 2.8}, "geometry": {"type": "Polygon", "coordinates": [[[79.8406, 27.135], [79.9972, 27.135], [79.9972, 27.779], [79.8406, 27.779], [79.8406, 27.135]]]}}, {"type": "Feature", "properties": {"ac_no": 156, "ac_name": "Hardoi", "district": "Hardoi", "category": "GEN", "pc_no": 31, "pc_name": "Hardoi", "winner_2022": "BJP", "lead_2024": "BJP", "margin_2024": 24068, "margin_pct_2024": 10.61}, "geometry": {"type": "Polygon", "coordinates": [[[79.9972, 27.135], [80.1538, 27.135], [80.1538, 27.779], [79.9972, 27.779], [79.9972, 27.135]]]}}, {"type": "Feature", "properties": {"ac_no": 157, "ac_name": "Gopamau", "district": "Hardoi", "category": "GEN", "pc_no": 31, "pc_name": "Hardoi", "winner_2022": "BJP", "lead_2024": "SP", "margin_2024": 2684, "margin_pct_2024": 1.26}, "geometry": {"type": "Polygon", "coordinates": [[[80.1538, 27.135], [80.3104, 27.135], [80.3104, 27.779], [80.1538, 27.779], [80.1538, 27.135]]]}}, {"type": "Feature", "properties": {"ac_no": 158, "ac_name": "Sandi", "district": "Hardoi", "category": "GEN", "pc_no": 31, "pc_name": "Hardoi", "winner_2022": "BJP", "lead_2024": "SP", "margin_2024": 6159, "margin_pct_2024": 3.14}, "geometry": {"type": "Polygon", "coordinates": [[[80.3104, 27.135], [80.467, 27.135], [80.467, 27.779], [80.3104, 27.779], [80.3104, 27.135]]]}}, {"type": "Feature", "properties": {"ac_no": 162, "ac_name": "Bangermau", "district": "Unnao", "category": "GEN", "pc_no": 33, "pc_name": "Unnao", "winner_2022": "BJP", "lead_2024": "SP", "margin_2024": 2, "margin_pct_2024": 0.0}, "geometry": {"type": "Polygon", "coordinates": [[[80.045, 26.103], [80.21267, 26.103], [80.21267, 27.031], [80.045, 27.031], [80.045, 26.103]]]}}, {"type": "Feature", "properties": {"ac_no": 163, "ac_name": "Safipur", "district": "Unnao", "category": "GEN", "pc_no": 33, "pc_name": "Unnao", "winner_2022": "BJP", "lead_2024": "BJP", "margin_2024": 2051, "margin_pct_2024": 1.08}, "geometry": {"type": "Polygon", "coordinates": [[[80.21267, 26.103], [80.38033, 26.103], [80.38033, 27.031], [80.21267, 27.031], [80.21267, 26.103]]]}}, {"type": "Feature", "properties": {"ac_no": 164, "ac_name": "Mohan", "district": "Unnao", "category": "GEN", "pc_no": 33, "pc_name": "Unnao", "winner_2022": "BJP", "lead_2024": "BJP", "margin_2024": 11089, "margin_pct_2024": 5.62}, "geometry": {"type": "Polygon", "coordinates": [[[80.38033, 26.103], [80.548, 26.103], [80.548, 27.031], [80.38033, 27.031], [80.38033, 26.103]]]}}, {"type": "Feature", "properties": {"ac_no": 165, "ac_name": "Unnao", "district": "Unnao", "category": "GEN", "pc_no": 33, "pc_name": "Unnao", "winner_2022": "BJP", "lead_2024": "BJP", "margin_2024": 10746, "margin_pct_2024": 4.6}, "geometry": {"type": "Polygon", "coordinates": [[[80.548, 26.103], [80.71567, 26.103], [80.71567, 27.031], [80.548, 27.031], [80.548, 26.103]]]}}, {"type": "Feature", "properties": {"ac_no": 166, "ac_name": "Bhagwantnagar", "district": "Unnao", "category": "GEN", "pc_no": 33, "pc_name": "Unnao", "winner_2022": "BJP", "lead_2024": "BJP", "margin_2024": 3793, "margin_pct_2024": 1.64}, "geometry": {"type": "Polygon", "coordinates": [[[80.71567, 26.103], [80.88333, 26.103], [80.88333, 27.031], [80.71567, 27.031], [80.71567, 26.103]]]}}, {"type": "Feature", "properties": {"ac_no": 167, "ac_name": "Purwa", "district": "Unnao", "category": "GEN", "pc_no": 33, "pc_name": "Unnao", "winner_2022": "BJP", "lead_2024": "BJP", "margin_2024": 9456, "margin_pct_2024": 3.95}, "geometry": {"type": "Polygon", "coordinates": [[[80.88333, 26.103], [81.051, 26.103], [81.051, 27.031], [80.88333, 27.031], [80.88333, 26.103]]]}}, {"type": "Feature", "properties": {"ac_no": 171, "ac_name": "Lucknow West", "district": "Lucknow", "category": "GEN", "pc_no": 35, "pc_name": "Lucknow", "winner_2022": "SP", "lead_2024": "SP", "margin_2024": 5670, "margin_pct_2024": 2.22}, "geometry": {"type": "Polygon", "coordinates": [[[80.835, 26.784], [80.873, 26.784], [80.873, 26.947], [80.835, 26.947], [80.835, 26.784]]]}}, {"type": "Feature", "properties": {"ac_no": 172, "ac_name": "Lucknow North", "district": "Lucknow", "category": "GEN", "pc_no": 35, "pc_name": "Lucknow", "winner_2022": "BJP", "lead_2024": "BJP", "margin_2024": 39190, "margin_pct_2024": 15.51}, "geometry": {"type": "Polygon", "coordinates": [[[80.873, 26.784], [80.911, 26.784], [80.911, 26.947], [80.873, 26.947], [80.873, 26.784]]]}}, {"type": "Feature", "properties": {"ac_no": 173, "ac_name": "Lucknow East", "district": "Lucknow", "category": "GEN", "pc_no": 35, "pc_name": "Lucknow", "winner_2022": "BJP", "lead_2024": "BJP", "margin_2024": 71114, "margin_pct_2024": 29.73}, "geometry": {"type": "Polygon", "coordinates": [[[80.911, 26.784], [80.949, 26.784], [80.949, 26.947], [80.911, 26.947], [80.911, 26.784]]]}}, {"type": "Feature", "properties": {"ac_no": 174, "ac_name": "Lucknow Central", "district": "Lucknow", "category": "GEN", "pc_no": 35, "pc_name": "Lucknow", "winner_2022": "SP", "lead_2024": "SP", "margin_2024": 7584, "margin_pct_2024": 3.86}, "geometry": {"type": "Polygon", "coordinates": [[[80.949, 26.784], [80.987, 26.784], [80.987, 26.947], [80.949, 26.947], [80.949, 26.784]]]}}, {"type": "Feature", "properties": {"ac_no": 175, "ac_name": "Lucknow Cantt.", "district": "Lucknow", "category": "GEN", "pc_no": 35, "pc_name": "Lucknow", "winner_2022": "BJP", "lead_2024": "BJP", "margin_2024": 37244, "margin_pct_2024": 20.44}, "geometry": {"type": "Polygon", "coordinates": [[[80.987, 26.784], [81.025, 26.784], [81.025, 26.947], [80.987, 26.947], [80.987, 26.784]]]}}, {"type": "Feature", "properties": {"ac_no": 177, "ac_name": "Bachhrawan", "district": "Lucknow", "category": "GEN", "pc_no": 36, "pc_name": "Rae Bareli", "winner_2022": "SP", "lead_2024": "INC", "margin_2024": 72650, "margin_pct_2024": 35.08}, "geometry": {"type": "Polygon", "coordinates": [[[80.67, 25.811], [81.449, 25.811], [81.449, 25.97], [80.67, 25.97], [80.67, 25.811]]]}}, {"type": "Feature", "properties": {"ac_no": 179, "ac_name": "Harchandpur", "district": "Lucknow", "category": "GEN", "pc_no": 36, "pc_name": "Rae Bareli", "winner_2022": "SP", "lead_2024": "INC", "margin_2024": 56861, "margin_pct_2024": 29.03}, "geometry": {"type": "Polygon", "coordinates": [[[80.67, 25.97], [81.449, 25.97], [81.449, 26.129], [80.67, 26.129], [80.67, 25.97]]]}}, {"type": "Feature", "properties": {"ac_no": 180, "ac_name": "Rae Bareli", "district": "Lucknow", "category": "GEN", "pc_no": 36, "pc_name": "Rae Bareli", "winner_2022": "BJP", "lead_2024": "INC", "margin_2024": 103017, "margin_pct_2024": 47.2}, "geometry": {"type": "Polygon", "coordinates": [[[80.67, 26.129], [81.449, 26.129], [81.449, 26.288], [80.67, 26.288], [80.67, 26.129]]]}}, {"type": "Feature", "properties": {"ac_no": 182, "ac_name": "Sareni", "district": "Lucknow", "category": "GEN", "pc_no": 36, "pc_name": "Rae Bareli", "winner_2022": "SP", "lead_2024": "INC", "margin_2024": 74918, "margin_pct_2024": 35.85}, "geometry": {"type": "Polygon", "coordinates": [[[80.67, 26.288], [81.449, 26.288], [81.449, 26.447], [80.67, 26.447], [80.67, 26.288]]]}}, {"type": "Feature", "properties": {"ac_no": 183, "ac_name": "Unchahar", "district": "Lucknow", "category": "GEN", "pc_no": 36, "pc_name": "Rae Bareli", "winner_2022": "SP", "lead_2024": "INC", "margin_2024": 81895, "margin_pct_2024": 41.24}, "geometry": {"type": "Polygon", "coordinates": [[[80.67, 26.447], [81.449, 26.447], [81.449, 26.606], [80.67, 26.606], [80.67, 26.447]]]}}, {"type": "Feature", "properties": {"ac_no": 178, "ac_name": "Tiloi", "district": "Amethi", "category": "GEN", "pc_no": 37, "pc_name": "Amethi", "winner_2022": "BJP", "lead_2024": "INC", "margin_2024": 18118, "margin_pct_2024": 9.3}, "geometry": {"type": "Polygon", "coordinates": [[[81.309, 25.928], [81.462, 25.928], [81.462, 26.664], [81.309, 26.664], [81.309, 25.928]]]}}, {"type": "Feature", "properties": {"ac_no": 181, "ac_name": "Salon", "district": "Amethi", "category": "GEN", "pc_no": 37, "pc_name": "Amethi", "winner_2022": "BJP", "lead_2024": "INC", "margin_2024": 52318, "margin_pct_2024": 26.66}, "geometry": {"type": "Polygon", "coordinates": [[[81.462, 25.928], [81.615, 25.928], [81.615, 26.664], [81.462, 26.664], [81.462, 25.928]]]}}, {"type": "Feature", "properties": {"ac_no": 184, "ac_name": "Jagdishpur", "district": "Amethi", "category": "GEN", "pc_no": 37, "pc_name": "Amethi", "winner_2022": "BJP", "lead_2024": "INC", "margin_2024": 15423, "margin_pct_2024": 7.63}, "geometry": {"type": "Polygon", "coordinates": [[[81.615, 25.928], [81.768, 25.928], [81.768, 26.664], [81.615, 26.664], [81.615, 25.928]]]}}, {"type": "Feature", "properties": {"ac_no": 185, "ac_name": "Gauriganj", "district": "Amethi", "category": "GEN", "pc_no": 37, "pc_name": "Amethi", "winner_2022": "SP", "lead_2024": "INC", "margin_2024": 33378, "margin_pct_2024": 17.14}, "geometry": {"type": "Polygon", "coordinates": [[[81.768, 25.928], [81.921, 25.928], [81.921, 26.664], [81.768, 26.664], [81.768, 25.928]]]}}, {"type": "Feature", "properties": {"ac_no": 186, "ac_name": "Amethi", "district": "Amethi", "category": "GEN", "pc_no": 37, "pc_name": "Amethi", "winner_2022": "SP", "lead_2024": "INC", "margin_2024": 46689, "margin_pct_2024": 26.01}, "geometry": {"type": "Polygon", "coordinates": [[[81.921, 25.928], [82.074, 25.928], [82.074, 26.664], [81.921, 26.664], [81.921, 25.928]]]}}, {"type": "Feature", "properties": {"ac_no": 187, "ac_name": "Isauli", "district": "Sultanpur", "category": "GEN", "pc_no": 38, "pc_name": "Sultanpur", "winner_2022": "SP", "lead_2024": "SP", "margin_2024": 18931, "margin_pct_2024": 9.83}, "geometry": {"type": "Polygon", "coordinates": [[[81.802, 25.974], [81.98, 25.974], [81.98, 26.521], [81.802, 26.521], [81.802, 25.974]]]}}, {"type": "Feature", "properties": {"ac_no": 188, "ac_name": "Sultanpur", "district": "Sultanpur", "category": "GEN", "pc_no": 38, "pc_name": "Sultanpur", "winner_2022": "BJP", "lead_2024": "SP", "margin_2024": 16067, "margin_pct_2024": 7.47}, "geometry": {"type": "Polygon", "coordinates": [[[81.98, 25.974], [82.158, 25.974], [82.158, 26.521], [81.98, 26.521], [81.98, 25.974]]]}}, {"type": "Feature", "properties": {"ac_no": 189, "ac_name": "Sadar", "district": "Sultanpur", "category": "GEN", "pc_no": 38, "pc_name": "Sultanpur", "winner_2022": "BJP", "lead_2024": "SP", "margin_2024": 1146, "margin_pct_2024": 0.59}, "geometry": {"type": "Polygon", "coordinates": [[[82.158, 25.974], [82.336, 25.974], [82.336, 26.521], [82.158, 26.521], [82.158, 25.974]]]}}, {"type": "Feature", "properties": {"ac_no": 190, "ac_name": "Lambhua", "district": "Sultanpur", "category": "GEN", "pc_no": 38, "pc_name": "Sultanpur", "winner_2022": "BJP", "lead_2024": "SP", "margin_2024": 11324, "margin_pct_2024": 5.5}, "geometry": {"type": "Polygon", "coordinates": [[[82.336, 25.974], [82.514, 25.974], [82.514, 26.521], [82.336, 26.521], [82.336, 25.974]]]}}, {"type": "Feature", "properties": {"ac_no": 191, "ac_name": "Kadipur", "district": "Sultanpur", "category": "GEN", "pc_no": 38, "pc_name": "Sultanpur", "winner_2022": "BJP", "lead_2024": "BJP", "margin_2024": 4441, "margin_pct_2024": 2.07}, "geometry": {"type": "Polygon", "coordinates": [[[82.514, 25.974], [82.692, 25.974], [82.692, 26.521], [82.514, 26.521], [82.514, 25.974]]]}}, {"type": "Feature", "properties": {"ac_no": 196, "ac_name": "Chhibramau", "district": "Kannauj", "category": "GEN", "pc_no": 42, "pc_name": "Kannauj", "winner_2022": "BJP", "lead_2024": "SP", "margin_2024": 51476, "margin_pct_2024": 18.05}, "geometry": {"type": "Polygon", "coordinates": [[[79.317, 26.484], [80.026, 26.484], [80.026, 26.6324], [79.317, 26.6324], [79.317, 26.484]]]}}, {"type": "Feature", "properties": {"ac_no": 197, "ac_name": "Tirwa", "district": "Kannauj", "category": "GEN", "pc_no": 42, "pc_name": "Kannauj", "winner_2022": "BJP", "lead_2024": "SP", "margin_2024": 34358, "margin_pct_2024": 14.6}, "geometry": {"type": "Polygon", "coordinates": [[[79.317, 26.6324], [80.026, 26.6324], [80.026, 26.7808], [79.317, 26.7808], [79.317, 26.6324]]]}}, {"type": "Feature", "properties": {"ac_no": 198, "ac_name": "Kannauj", "district": "Kannauj", "category": "GEN", "pc_no": 42, "pc_name": "Kannauj", "winner_2022": "BJP", "lead_2024": "SP", "margin_2024": 34244, "margin_pct_2024": 12.85}, "geometry": {"type": "Polygon", "coordinates": [[[79.317, 26.7808], [80.026, 26.7808], [80.026, 26.9292], [79.317, 26.9292], [79.317, 26.7808]]]}}, {"type": "Feature", "properties": {"ac_no": 202, "ac_name": "Bidhuna", "district": "Auraiya", "category": "GEN", "pc_no": 42, "pc_name": "Kannauj", "winner_2022": "SP", "lead_2024": "SP", "margin_2024": 40117, "margin_pct_2024": 17.84}, "geometry": {"type": "Polygon", "coordinates": [[[79.317, 26.9292], [80.026, 26.9292], [80.026, 27.0776], [79.317, 27.0776], [79.317, 26.9292]]]}}, {"type": "Feature", "properties": {"ac_no": 205, "ac_name": "Rasulabad", "district": "Kanpur Dehat", "category": "GEN", "pc_no": 42, "pc_name": "Kannauj", "winner_2022": "BJP", "lead_2024": "SP", "margin_2024": 9881, "margin_pct_2024": 5.0}, "geometry": {"type": "Polygon", "coordinates": [[[79.317, 27.0776], [80.026, 27.0776], [80.026, 27.226], [79.317, 27.226], [79.317, 27.0776]]]}}, {"type": "Feature", "properties": {"ac_no": 200, "ac_name": "Etawah", "district": "Etawah", "category": "GEN", "pc_no": 41, "pc_name": "Etawah", "winner_2022": "BJP", "lead_2024": "SP", "margin_2024": 3093, "margin_pct_2024": 1.34}, "geometry": {"type": "Polygon", "coordinates": [[[78.779, 26.209], [79.0084, 26.209], [79.0084, 26.907], [78.779, 26.907], [78.779, 26.209]]]}}, {"type": "Feature", "properties": {"ac_no": 201, "ac_name": "Bharthana", "district": "Etawah", "category": "GEN", "pc_no": 41, "pc_name": "Etawah", "winner_2022": "SP", "lead_2024": "SP", "margin_2024": 25705, "margin_pct_2024": 10.97}, "geometry": {"type": "Polygon", "coordinates": [[[79.0084, 26.209], [79.2378, 26.209], [79.2378, 26.907], [79.0084, 26.907], [79.0084, 26.209]]]}}, {"type": "Feature", "properties": {"ac_no": 203, "ac_name": "Dibiyapur", "district": "Auraiya", "category": "GEN", "pc_no": 41, "pc_name": "Etawah", "winner_2022": "SP", "lead_2024": "SP", "margin_2024": 16840, "margin_pct_2024": 8.96}, "geometry": {"type": "Polygon", "coordinates": [[[79.2378, 26.209], [79.4672, 26.209], [79.4672, 26.907], [79.2378, 26.907], [79.2378, 26.209]]]}}, {"type": "Feature", "properties": {"ac_no": 204, "ac_name": "Auraiya", "district": "Auraiya", "category": "GEN", "pc_no": 41, "pc_name": "Etawah", "winner_2022": "BJP", "lead_2024": "SP", "margin_2024": 13947, "margin_pct_2024": 7.59}, "geometry": {"type": "Polygon", "coordinates": [[[79.4672, 26.209], [79.6966, 26.209], [79.6966, 26.907], [79.4672, 26.907], [79.4672, 26.209]]]}}, {"type": "Feature", "properties": {"ac_no": 207, "ac_name": "Sikandra", "district": "Kanpur Dehat", "category": "GEN", "pc_no": 41, "pc_name": "Etawah", "winner_2022": "BJP", "lead_2024": "BJP", "margin_2024": 1149, "margin_pct_2024": 0.61}, "geometry": {"type": "Polygon", "coordinates": [[[79.6966, 26.209], [79.926, 26.209], [79.926, 26.907], [79.6966, 26.907], [79.6966, 26.209]]]}}, {"type": "Feature", "properties": {"ac_no": 206, "ac_name": "Akbarpur - Raniya", "district": "Kanpur Dehat", "category": "GEN", "pc_no": 44, "pc_name": "Akbarpur", "winner_2022": "BJP", "lead_2024": "SP", "margin_2024": 29443, "margin_pct_2024": 14.19}, "geometry": {"type": "Polygon", "coordinates": [[[79.849, 25.92], [79.9974, 25.92], [79.9974, 26.637], [79.849, 26.637], [79.849, 25.92]]]}}, {"type": "Feature", "properties": {"ac_no": 210, "ac_name": "Bithoor", "district": "Kanpur Nagar", "category": "GEN", "pc_no": 44, "pc_name": "Akbarpur", "winner_2022": "BJP", "lead_2024": "SP", "margin_2024": 10397, "margin_pct_2024": 4.39}, "geometry": {"type": "Polygon", "coordinates": [[[79.9974, 25.92], [80.1458, 25.92], [80.1458, 26.637], [79.9974, 26.637], [79.9974, 25.92]]]}}, {"type": "Feature", "properties": {"ac_no": 211, "ac_name": "Kalyanpur", "district": "Kanpur Nagar", "category": "GEN", "pc_no": 44, "pc_name": "Akbarpur", "winner_2022": "BJP", "lead_2024": "BJP", "margin_2024": 54606, "margin_pct_2024": 29.84}, "geometry": {"type": "Polygon", "coordinates": [[[80.1458, 25.92], [80.2942, 25.92], [80.2942, 26.637], [80.1458, 26.637], [80.1458, 25.92]]]}}, {"type": "Feature", "properties": {"ac_no": 217, "ac_name": "Maharajpur", "district": "Kanpur Nagar", "category": "GEN", "pc_no": 44, "pc_name": "Akbarpur", "winner_2022": "BJP", "lead_2024": "BJP", "margin_2024": 48670, "margin_pct_2024": 19.4}, "geometry": {"type": "Polygon", "coordinates": [[[80.2942, 25.92], [80.4426, 25.92], [80.4426, 26.637], [80.2942, 26.637], [80.2942, 25.92]]]}}, {"type": "Feature", "properties": {"ac_no": 218, "ac_name": "Ghatampur", "district": "Kanpur Nagar", "category": "GEN", "pc_no": 44, "pc_name": "Akbarpur", "winner_2022": "ADAL", "lead_2024": "SP", "margin_2024": 18946, "margin_pct_2024": 9.77}, "geometry": {"type": "Polygon", "coordinates": [[[80.4426, 25.92], [80.591, 25.92], [80.591, 26.637], [80.4426, 26.637], [80.4426, 25.92]]]}}, {"type": "Feature", "properties": {"ac_no": 208, "ac_name": "Bhognipur", "district": "Kanpur Dehat", "category": "GEN", "pc_no": 45, "pc_name": "Jalaun", "winner_2022": "BJP", "lead_2024": "SP", "margin_2024": 31025, "margin_pct_2024": 15.18}, "geometry": {"type": "Polygon", "coordinates": [[[78.754, 25.358], [79.041, 25.358], [79.041, 26.442], [78.754, 26.442], [78.754, 25.358]]]}}, {"type": "Feature", "properties": {"ac_no": 219, "ac_name": "Madhaugarh", "district": "Jalaun", "category": "GEN", "pc_no": 45, "pc_name": "Jalaun", "winner_2022": "BJP", "lead_2024": "SP", "margin_2024": 8590, "margin_pct_2024": 3.66}, "geometry": {"type": "Polygon", "coordinates": [[[79.041, 25.358], [79.328, 25.358], [79.328, 26.442], [79.041, 26.442], [79.041, 25.358]]]}}, {"type": "Feature", "properties": {"ac_no": 220, "ac_name": "Kalpi", "district": "Jalaun", "category": "GEN", "pc_no": 45, "pc_name": "Jalaun", "winner_2022": "SP", "lead_2024": "SP", "margin_2024": 18170, "margin_pct_2024": 8.29}, "geometry": {"type": "Polygon", "coordinates": [[[79.328, 25.358], [79.615, 25.358], [79.615, 26.442], [79.328, 26.442], [79.328, 25.358]]]}}, {"type": "Feature", "properties": {"ac_no": 221, "ac_name": "Orai", "district": "Jalaun", "category": "GEN", "pc_no": 45, "pc_name": "Jalaun", "winner_2022": "BJP", "lead_2024": "SP", "margin_2024": 11829, "margin_pct_2024": 4.68}, "geometry": {"type": "Polygon", "coordinates": [[[79.615, 25.358], [79.902, 25.358], [79.902, 26.442], [79.615, 26.442], [79.615, 25.358]]]}}, {"type": "Feature", "properties": {"ac_no": 225, "ac_name": "Garautha", "district": "Jhansi", "category": "GEN", "pc_no": 45, "pc_name": "Jalaun", "winner_2022": "BJP", "lead_2024": "BJP", "margin_2024": 15402, "margin_pct_2024": 7.53}, "geometry": {"type": "Polygon", "coordinates": [[[79.902, 25.358], [80.189, 25.358], [80.189, 26.442], [79.902, 26.442], [79.902, 25.358]]]}}, {"type": "Feature", "properties": {"ac_no": 212, "ac_name": "Govindnagar", "district": "Kanpur Nagar", "category": "GEN", "pc_no": 43, "pc_name": "Kanpur", "winner_2022": "BJP", "lead_2024": "BJP", "margin_2024": 40840, "margin_pct_2024": 21.49}, "geometry": {"type": "Polygon", "coordinates": [[[80.231, 26.382], [80.267, 26.382], [80.267, 26.495], [80.231, 26.495], [80.231, 26.382]]]}}, {"type": "Feature", "properties": {"ac_no": 213, "ac_name": "Sishamau", "district": "Kanpur Nagar", "category": "GEN", "pc_no": 43, "pc_name": "Kanpur", "winner_2022": "SP", "lead_2024": "INC", "margin_2024": 26475, "margin_pct_2024": 17.59}, "geometry": {"type": "Polygon", "coordinates": [[[80.267, 26.382], [80.303, 26.382], [80.303, 26.495], [80.267, 26.495], [80.267, 26.382]]]}}, {"type": "Feature", "properties": {"ac_no": 214, "ac_name": "Arya Nagar", "district": "Kanpur Nagar", "category": "GEN", "pc_no": 43, "pc_name": "Kanpur", "winner_2022": "SP", "lead_2024": "INC", "margin_2024": 11339, "margin_pct_2024": 7.66}, "geometry": {"type": "Polygon", "coordinates": [[[80.303, 26.382], [80.339, 26.382], [80.339, 26.495], [80.303, 26.495], [80.303, 26.382]]]}}, {"type": "Feature", "properties": {"ac_no": 215, "ac_name": "Kidwai Nagar", "district": "Kanpur Nagar", "category": "GEN", "pc_no": 43, "pc_name": "Kanpur", "winner_2022": "BJP", "lead_2024": "BJP", "margin_2024": 61622, "margin_pct_2024": 30.86}, "geometry": {"type": "Polygon", "coordinates": [[[80.339, 26.382], [80.375, 26.382], [80.375, 26.495], [80.339, 26.495], [80.339, 26.382]]]}}, {"type": "Feature", "properties": {"ac_no": 216, "ac_name": "Kanpur Cantt.", "district": "Kanpur Nagar", "category": "GEN", "pc_no": 43, "pc_name": "Kanpur", "winner_2022": "SP", "lead_2024": "INC", "margin_2024": 43508, "margin_pct_2024": 22.95}, "geometry": {"type": "Polygon", "coordinates": [[[80.375, 26.382], [80.411, 26.382], [80.411, 26.495], [80.375, 26.495], [80.375, 26.382]]]}}, {"type": "Feature", "properties": {"ac_no": 222, "ac_name": "Babina", "district": "Jhansi", "category": "GEN", "pc_no": 46, "pc_name": "Jhansi", "winner_2022": "BJP", "lead_2024": "BJP", "margin_2024": 17959, "margin_pct_2024": 8.25}, "geometry": {"type": "Polygon", "coordinates": [[[78.169, 24.178], [79.352, 24.178], [79.352, 24.481], [78.169, 24.481], [78.169, 24.178]]]}}, {"type": "Feature", "properties": {"ac_no": 223, "ac_name": "Jhansi Nagar", "district": "Jhansi", "category": "GEN", "pc_no": 46, "pc_name": "Jhansi", "winner_2022": "BJP", "lead_2024": "BJP", "margin_2024": 31215, "margin_pct_2024": 12.72}, "geometry": {"type": "Polygon", "coordinates": [[[78.169, 24.481], [79.352, 24.481], [79.352, 24.784], [78.169, 24.784], [78.169, 24.481]]]}}, {"type": "Feature", "properties": {"ac_no": 224, "ac_name": "Mauranipur", "district": "Jhansi", "category": "GEN", "pc_no": 46, "pc_name": "Jhansi", "winner_2022": "ADAL", "lead_2024": "INC", "margin_2024": 15094, "margin_pct_2024": 5.85}, "geometry": {"type": "Polygon", "coordinates": [[[78.169, 24.784], [79.352, 24.784], [79.352, 25.087], [78.169, 25.087], [78.169, 24.784]]]}}, {"type": "Feature", "properties": {"ac_no": 226, "ac_name": "Lalitpur", "district": "Lalitpur", "category": "GEN", "pc_no": 46, "pc_name": "Jhansi", "winner_2022": "BJP", "lead_2024": "BJP", "margin_2024": 50641, "margin_pct_2024": 15.74}, "geometry": {"type": "Polygon", "coordinates": [[[78.169, 25.087], [79.352, 25.087], [79.352, 25.39], [78.169, 25.39], [78.169, 25.087]]]}}, {"type": "Feature", "properties": {"ac_no": 227, "ac_name": "Mehroni", "district": "Lalitpur", "category": "GEN", "pc_no": 46, "pc_name": "Jhansi", "winner_2022": "BJP", "lead_2024": "BJP", "margin_2024": 17717, "margin_pct_2024": 5.52}, "geometry": {"type": "Polygon", "coordinates": [[[78.169, 25.39], [79.352, 25.39], [79.352, 25.693], [78.169, 25.693], [78.169, 25.39]]]}}, {"type": "Feature", "properties": {"ac_no": 228, "ac_name": "Hamirpur", "district": "Hamirpur", "category": "GEN", "pc_no": 47, "pc_name": "Hamirpur", "winner_2022": "BJP", "lead_2024": "SP", "margin_2024": 21064, "margin_pct_2024": 8.18}, "geometry": {"type": "Polygon", "coordinates": [[[79.279, 25.032], [79.5588, 25.032], [79.5588, 26.162], [79.279, 26.162], [79.279, 25.032]]]}}, {"type": "Feature", "properties": {"ac_no": 229, "ac_name": "Rath", "district": "Hamirpur", "category": "GEN", "pc_no": 47, "pc_name": "Hamirpur", "winner_2022": "BJP", "lead_2024": "BJP", "margin_2024": 1252, "margin_pct_2024": 0.49}, "geometry": {"type": "Polygon", "coordinates": [[[79.5588, 25.032], [79.8386, 25.032], [79.8386, 26.162], [79.5588, 26.162], [79.5588, 25.032]]]}}, {"type": "Feature", "properties": {"ac_no": 230, "ac_name": "Mahoba", "district": "Mahoba", "category": "GEN", "pc_no": 47, "pc_name": "Hamirpur", "winner_2022": "BJP", "lead_2024": "BJP", "margin_2024": 13999, "margin_pct_2024": 7.2}, "geometry": {"type": "Polygon", "coordinates": [[[79.8386, 25.032], [80.1184, 25.032], [80.1184, 26.162], [79.8386, 26.162], [79.8386, 25.032]]]}}, {"type": "Feature", "properties": {"ac_no": 231, "ac_name": "Charkhari", "district": "Mahoba", "category": "GEN", "pc_no": 47, "pc_name": "Hamirpur", "winner_2022": "BJP", "lead_2024": "SP", "margin_2024": 1845, "margin_pct_2024": 0.88}, "geometry": {"type": "Polygon", "coordinates": [[[80.1184, 25.032], [80.3982, 25.032], [80.3982, 26.162], [80.1184, 26.162], [80.1184, 25.032]]]}}, {"type": "Feature", "properties": {"ac_no": 232, "ac_name": "Tindwari", "district": "Banda", "category": "GEN", "pc_no": 47, "pc_name": "Hamirpur", "winner_2022": "BJP", "lead_2024": "BJP", "margin_2024": 5028, "margin_pct_2024": 2.73}, "geometry": {"type": "Polygon", "coordinates": [[[80.3982, 25.032], [80.678, 25.032], [80.678, 26.162], [80.3982, 26.162], [80.3982, 25.032]]]}}, {"type": "Feature", "properties": {"ac_no": 233, "ac_name": "Baberu", "district": "Banda", "category": "GEN", "pc_no": 48, "pc_name": "Banda", "winner_2022": "SP", "lead_2024": "SP", "margin_2024": 29740, "margin_pct_2024": 14.7}, "geometry": {"type": "Polygon", "coordinates": [[[80.273, 24.888], [80.5308, 24.888], [80.5308, 25.726], [80.273, 25.726], [80.273, 24.888]]]}}, {"type": "Feature", "properties": {"ac_no": 234, "ac_name": "Naraini", "district": "Banda", "category": "GEN", "pc_no": 48, "pc_name": "Banda", "winner_2022": "BJP", "lead_2024": "SP", "margin_2024": 17694, "margin_pct_2024": 8.43}, "geometry": {"type": "Polygon", "coordinates": [[[80.5308, 24.888], [80.7886, 24.888], [80.7886, 25.726], [80.5308, 25.726], [80.5308, 24.888]]]}}, {"type": "Feature", "properties": {"ac_no": 235, "ac_name": "Banda", "district": "Banda", "category": "GEN", "pc_no": 48, "pc_name": "Banda", "winner_2022": "BJP", "lead_2024": "BJP", "margin_2024": 3797, "margin_pct_2024": 2.02}, "geometry": {"type": "Polygon", "coordinates": [[[80.7886, 24.888], [81.0464, 24.888], [81.0464, 25.726], [80.7886, 25.726], [80.7886, 24.888]]]}}, {"type": "Feature", "properties": {"ac_no": 236, "ac_name": "Chitrakoot", "district": "Chitrakoot", "category": "GEN", "pc_no": 48, "pc_name": "Banda", "winner_2022": "SP", "lead_2024": "SP", "margin_2024": 26789, "margin_pct_2024": 11.57}, "geometry": {"type": "Polygon", "coordinates": [[[81.0464, 24.888], [81.3042, 24.888], [81.3042, 25.726], [81.0464, 25.726], [81.0464, 24.888]]]}}, {"type": "Feature", "properties": {"ac_no": 237, "ac_name": "Manikpur", "district": "Chitrakoot", "category": "GEN", "pc_no": 48, "pc_name": "Banda", "winner_2022": "ADAL", "lead_2024": "SP", "margin_2024": 83, "margin_pct_2024": 0.04}, "geometry": {"type": "Polygon", "coordinates": [[[81.3042, 24.888], [81.562, 24.888], [81.562, 25.726], [81.3042, 25.726], [81.3042, 24.888]]]}}, {"type": "Feature", "properties": {"ac_no": 238, "ac_name": "Jahanabad", "district": "Fatehpur", "category": "GEN", "pc_no": 49, "pc_name": "Fatehpur", "winner_2022": "BJP", "lead_2024": "SP", "margin_2024": 8160, "margin_pct_2024": 4.45}, "geometry": {"type": "Polygon", "coordinates": [[[80.213, 25.439], [80.4005, 25.439], [80.4005, 26.231], [80.213, 26.231], [80.213, 25.439]]]}}, {"type": "Feature", "properties": {"ac_no": 239, "ac_name": "Bindki", "district": "Fatehpur", "category": "GEN", "pc_no": 49, "pc_name": "Fatehpur", "winner_2022": "ADAL", "lead_2024": "SP", "margin_2024": 9161, "margin_pct_2024": 4.99}, "geometry": {"type": "Polygon", "coordinates": [[[80.4005, 25.439], [80.588, 25.439], [80.588, 26.231], [80.4005, 26.231], [80.4005, 25.439]]]}}, {"type": "Feature", "properties": {"ac_no": 240, "ac_name": "Fatehpur", "district": "Fatehpur", "category": "GEN", "pc_no": 49, "pc_name": "Fatehpur", "winner_2022": "SP", "lead_2024": "SP", "margin_2024": 3309, "margin_pct_2024": 1.62}, "geometry": {"type": "Polygon", "coordinates": [[[80.588, 25.439], [80.7755, 25.439], [80.7755, 26.231], [80.588, 26.231], [80.588, 25.439]]]}}, {"type": "Feature", "properties": {"ac_no": 241, "ac_name": "Ayah Shah", "district": "Fatehpur", "category": "GEN", "pc_no": 49, "pc_name": "Fatehpur", "winner_2022": "BJP", "lead_2024": "BJP", "margin_2024": 4530, "margin_pct_2024": 2.96}, "geometry": {"type": "Polygon", "coordinates": [[[80.7755, 25.439], [80.963, 25.439], [80.963, 26.231], [80.7755, 26.231], [80.7755, 25.439]]]}}, {"type": "Feature", "properties": {"ac_no": 242, "ac_name": "Husainganj", "district": "Fatehpur", "category": "GEN", "pc_no": 49, "pc_name": "Fatehpur", "winner_2022": "SP", "lead_2024": "SP", "margin_2024": 20277, "margin_pct_2024": 11.34}, "geometry": {"type": "Polygon", "coordinates": [[[80.963, 25.439], [81.1505, 25.439], [81.1505, 26.231], [80.963, 26.231], [80.963, 25.439]]]}}, {"type": "Feature", "properties": {"ac_no": 243, "ac_name": "Khaga", "district": "Fatehpur", "category": "GEN", "pc_no": 49, "pc_name": "Fatehpur", "winner_2022": "BJP", "lead_2024": "BJP", "margin_2024": 2760, "margin_pct_2024": 1.42}, "geometry": {"type": "Polygon", "coordinates": [[[81.1505, 25.439], [81.338, 25.439], [81.338, 26.231], [81.1505, 26.231], [81.1505, 25.439]]]}}, {"type": "Feature", "properties": {"ac_no": 244, "ac_name": "Rampur Khas", "district": "Pratapgarh", "category": "GEN", "pc_no": 39, "pc_name": "Pratapgarh", "winner_2022": "INC", "lead_2024": "SP", "margin_2024": 10146, "margin_pct_2024": 6.23}, "geometry": {"type": "Polygon", "coordinates": [[[81.438, 25.652], [81.6374, 25.652], [81.6374, 26.181], [81.438, 26.181], [81.438, 25.652]]]}}, {"type": "Feature", "properties": {"ac_no": 247, "ac_name": "VISHWANATH GANJ", "district": "Pratapgarh", "category": "GEN", "pc_no": 39, "pc_name": "Pratapgarh", "winner_2022": "ADAL", "lead_2024": "BJP", "margin_2024": 3434, "margin_pct_2024": 1.73}, "geometry": {"type": "Polygon", "coordinates": [[[81.6374, 25.652], [81.8368, 25.652], [81.8368, 26.181], [81.6374, 26.181], [81.6374, 25.652]]]}}, {"type": "Feature", "properties": {"ac_no": 248, "ac_name": "Pratapgarh", "district": "Pratapgarh", "category": "GEN", "pc_no": 39, "pc_name": "Pratapgarh", "winner_2022": "BJP", "lead_2024": "SP", "margin_2024": 9069, "margin_pct_2024": 4.72}, "geometry": {"type": "Polygon", "coordinates": [[[81.8368, 25.652], [82.0362, 25.652], [82.0362, 26.181], [81.8368, 26.181], [81.8368, 25.652]]]}}, {"type": "Feature", "properties": {"ac_no": 249, "ac_name": "Patti", "district": "Pratapgarh", "category": "GEN", "pc_no": 39, "pc_name": "Pratapgarh", "winner_2022": "SP", "lead_2024": "SP", "margin_2024": 35007, "margin_pct_2024": 17.02}, "geometry": {"type": "Polygon", "coordinates": [[[82.0362, 25.652], [82.2356, 25.652], [82.2356, 26.181], [82.0362, 26.181], [82.0362, 25.652]]]}}, {"type": "Feature", "properties": {"ac_no": 250, "ac_name": "Raniganj", "district": "Pratapgarh", "category": "GEN", "pc_no": 39, "pc_name": "Pratapgarh", "winner_2022": "SP", "lead_2024": "SP", "margin_2024": 14840, "margin_pct_2024": 8.17}, "geometry": {"type": "Polygon", "coordinates": [[[82.2356, 25.652], [82.435, 25.652], [82.435, 26.181], [82.2356, 26.181], [82.2356, 25.652]]]}}, {"type": "Feature", "properties": {"ac_no": 245, "ac_name": "Babaganj", "district": "Pratapgarh", "category": "GEN", "pc_no": 50, "pc_name": "Kaushambi", "winner_2022": "JDL", "lead_2024": "SP", "margin_2024": 20692, "margin_pct_2024": 13.18}, "geometry": {"type": "Polygon", "coordinates": [[[81.147, 25.258], [81.822, 25.258], [81.822, 25.3948], [81.147, 25.3948], [81.147, 25.258]]]}}, {"type": "Feature", "properties": {"ac_no": 246, "ac_name": "Kunda", "district": "Pratapgarh", "category": "GEN", "pc_no": 50, "pc_name": "Kaushambi", "winner_2022": "JDL", "lead_2024": "SP", "margin_2024": 36187, "margin_pct_2024": 20.24}, "geometry": {"type": "Polygon", "coordinates": [[[81.147, 25.3948], [81.822, 25.3948], [81.822, 25.5316], [81.147, 25.5316], [81.147, 25.3948]]]}}, {"type": "Feature", "properties": {"ac_no": 251, "ac_name": "Sirathu", "district": "Kaushambi", "category": "GEN", "pc_no": 50, "pc_name": "Kaushambi", "winner_2022": "SP", "lead_2024": "SP", "margin_2024": 16750, "margin_pct_2024": 8.16}, "geometry": {"type": "Polygon", "coordinates": [[[81.147, 25.5316], [81.822, 25.5316], [81.822, 25.6684], [81.147, 25.6684], [81.147, 25.5316]]]}}, {"type": "Feature", "properties": {"ac_no": 252, "ac_name": "Manjhanpur", "district": "Kaushambi", "category": "GEN", "pc_no": 50, "pc_name": "Kaushambi", "winner_2022": "SP", "lead_2024": "SP", "margin_2024": 22902, "margin_pct_2024": 9.43}, "geometry": {"type": "Polygon", "coordinates": [[[81.147, 25.6684], [81.822, 25.6684], [81.822, 25.8052], [81.147, 25.8052], [81.147, 25.6684]]]}}, {"type": "Feature", "properties": {"ac_no": 253, "ac_name": "Chail", "district": "Kaushambi", "category": "GEN", "pc_no": 50, "pc_name": "Kaushambi", "winner_2022": "SP", "lead_2024": "SP", "margin_2024": 7502, "margin_pct_2024": 3.56}, "geometry": {"type": "Polygon", "coordinates": [[[81.147, 25.8052], [81.822, 25.8052], [81.822, 25.942], [81.147, 25.942], [81.147, 25.8052]]]}}, {"type": "Feature", "properties": {"ac_no": 254, "ac_name": "Phaphamau", "district": "Prayagraj", "category": "GEN", "pc_no": 51, "pc_name": "Phulpur", "winner_2022": "BJP", "lead_2024": "SP", "margin_2024": 8833, "margin_pct_2024": 4.54}, "geometry": {"type": "Polygon", "coordinates": [[[81.596, 25.325], [81.7008, 25.325], [81.7008, 25.75], [81.596, 25.75], [81.596, 25.325]]]}}, {"type": "Feature", "properties": {"ac_no": 255, "ac_name": "Soraon", "district": "Prayagraj", "category": "GEN", "pc_no": 51, "pc_name": "Phulpur", "winner_2022": "SP", "lead_2024": "SP", "margin_2024": 12936, "margin_pct_2024": 6.09}, "geometry": {"type": "Polygon", "coordinates": [[[81.7008, 25.325], [81.8056, 25.325], [81.8056, 25.75], [81.7008, 25.75], [81.7008, 25.325]]]}}, {"type": "Feature", "properties": {"ac_no": 256, "ac_name": "Phulpur", "district": "Prayagraj", "category": "GEN", "pc_no": 51, "pc_name": "Phulpur", "winner_2022": "BJP", "lead_2024": "SP", "margin_2024": 17937, "margin_pct_2024": 7.74}, "geometry": {"type": "Polygon", "coordinates": [[[81.8056, 25.325], [81.9104, 25.325], [81.9104, 25.75], [81.8056, 25.75], [81.8056, 25.325]]]}}, {"type": "Feature", "properties": {"ac_no": 261, "ac_name": "Allahabad West", "district": "Prayagraj", "category": "GEN", "pc_no": 51, "pc_name": "Phulpur", "winner_2022": "BJP", "lead_2024": "BJP", "margin_2024": 14785, "margin_pct_2024": 7.12}, "geometry": {"type": "Polygon", "coordinates": [[[81.9104, 25.325], [82.0152, 25.325], [82.0152, 25.75], [81.9104, 25.75], [81.9104, 25.325]]]}}, {"type": "Feature", "properties": {"ac_no": 262, "ac_name": "Allahabad North", "district": "Prayagraj", "category": "GEN", "pc_no": 51, "pc_name": "Phulpur", "winner_2022": "BJP", "lead_2024": "BJP", "margin_2024": 29705, "margin_pct_2024": 18.6}, "geometry": {"type": "Polygon", "coordinates": [[[82.0152, 25.325], [82.12, 25.325], [82.12, 25.75], [82.0152, 25.75], [82.0152, 25.325]]]}}, {"type": "Feature", "properties": {"ac_no": 257, "ac_name": "Pratappur", "district": "Prayagraj", "category": "GEN", "pc_no": 78, "pc_name": "Bhadohi", "winner_2022": "SP", "lead_2024": "AITC", "margin_2024": 7858, "margin_pct_2024": 3.68}, "geometry": {"type": "Polygon", "coordinates": [[[82.041, 25.178], [82.1746, 25.178], [82.1746, 25.681], [82.041, 25.681], [82.041, 25.178]]]}}, {"type": "Feature", "properties": {"ac_no": 258, "ac_name": "Handia", "district": "Prayagraj", "category": "GEN", "pc_no": 78, "pc_name": "Bhadohi", "winner_2022": "SP", "lead_2024": "BJP", "margin_2024": 10949, "margin_pct_2024": 5.43}, "geometry": {"type": "Polygon", "coordinates": [[[82.1746, 25.178], [82.3082, 25.178], [82.3082, 25.681], [82.1746, 25.681], [82.1746, 25.178]]]}}, {"type": "Feature", "properties": {"ac_no": 392, "ac_name": "Bhadohi", "district": "Bhadohi", "category": "GEN", "pc_no": 78, "pc_name": "Bhadohi", "winner_2022": "SP", "lead_2024": "BJP", "margin_2024": 3520, "margin_pct_2024": 1.5}, "geometry": {"type": "Polygon", "coordinates": [[[82.3082, 25.178], [82.4418, 25.178], [82.4418, 25.681], [82.3082, 25.681], [82.3082, 25.178]]]}}, {"type": "Feature", "properties": {"ac_no": 393, "ac_name": "Gyanpur", "district": "Bhadohi", "category": "GEN", "pc_no": 78, "pc_name": "Bhadohi", "winner_2022": "NINSHAD", "lead_2024": "BJP", "margin_2024": 26663, "margin_pct_2024": 12.87}, "geometry": {"type": "Polygon", "coordinates": [[[82.4418, 25.178], [82.5754, 25.178], [82.5754, 25.681], [82.4418, 25.681], [82.4418, 25.178]]]}}, {"type": "Feature", "properties": {"ac_no": 394, "ac_name": "Aurai", "district": "Bhadohi", "category": "GEN", "pc_no": 78, "pc_name": "Bhadohi", "winner_2022": "BJP", "lead_2024": "BJP", "margin_2024": 11472, "margin_pct_2024": 5.39}, "geometry": {"type": "Polygon", "coordinates": [[[82.5754, 25.178], [82.709, 25.178], [82.709, 25.681], [82.5754, 25.681], [82.5754, 25.178]]]}}, {"type": "Feature", "properties": {"ac_no": 259, "ac_name": "Meja", "district": "Prayagraj", "category": "GEN", "pc_no": 52, "pc_name": "Allahabad", "winner_2022": "SP", "lead_2024": "INC", "margin_2024": 17143, "margin_pct_2024": 9.9}, "geometry": {"type": "Polygon", "coordinates": [[[81.517, 24.804], [81.6788, 24.804], [81.6788, 25.458], [81.517, 25.458], [81.517, 24.804]]]}}, {"type": "Feature", "properties": {"ac_no": 260, "ac_name": "Karachhana", "district": "Prayagraj", "category": "GEN", "pc_no": 52, "pc_name": "Allahabad", "winner_2022": "BJP", "lead_2024": "INC", "margin_2024": 19246, "margin_pct_2024": 9.79}, "geometry": {"type": "Polygon", "coordinates": [[[81.6788, 24.804], [81.8406, 24.804], [81.8406, 25.458], [81.6788, 25.458], [81.6788, 24.804]]]}}, {"type": "Feature", "properties": {"ac_no": 263, "ac_name": "Allahabad South", "district": "Prayagraj", "category": "GEN", "pc_no": 52, "pc_name": "Allahabad", "winner_2022": "BJP", "lead_2024": "BJP", "margin_2024": 6931, "margin_pct_2024": 4.13}, "geometry": {"type": "Polygon", "coordinates": [[[81.8406, 24.804], [82.0024, 24.804], [82.0024, 25.458], [81.8406, 25.458], [81.8406, 24.804]]]}}, {"type": "Feature", "properties": {"ac_no": 264, "ac_name": "Bara", "district": "Prayagraj", "category": "GEN", "pc_no": 52, "pc_name": "Allahabad", "winner_2022": "ADAL", "lead_2024": "INC", "margin_2024": 17024, "margin_pct_2024": 8.73}, "geometry": {"type": "Polygon", "coordinates": [[[82.0024, 24.804], [82.1642, 24.804], [82.1642, 25.458], [82.0024, 25.458], [82.0024, 24.804]]]}}, {"type": "Feature", "properties": {"ac_no": 265, "ac_name": "Koraon", "district": "Prayagraj", "category": "GEN", "pc_no": 52, "pc_name": "Allahabad", "winner_2022": "BJP", "lead_2024": "INC", "margin_2024": 11959, "margin_pct_2024": 5.91}, "geometry": {"type": "Polygon", "coordinates": [[[82.1642, 24.804], [82.326, 24.804], [82.326, 25.458], [82.1642, 25.458], [82.1642, 24.804]]]}}, {"type": "Feature", "properties": {"ac_no": 266, "ac_name": "Kursi", "district": "Barabanki", "category": "GEN", "pc_no": 53, "pc_name": "Barabanki", "winner_2022": "BJP", "lead_2024": "INC", "margin_2024": 47634, "margin_pct_2024": 16.66}, "geometry": {"type": "Polygon", "coordinates": [[[80.927, 26.525], [81.603, 26.525], [81.603, 26.6908], [80.927, 26.6908], [80.927, 26.525]]]}}, {"type": "Feature", "properties": {"ac_no": 267, "ac_name": "Ram Nagar", "district": "Barabanki", "category": "GEN", "pc_no": 53, "pc_name": "Barabanki", "winner_2022": "SP", "lead_2024": "INC", "margin_2024": 30048, "margin_pct_2024": 13.01}, "geometry": {"type": "Polygon", "coordinates": [[[80.927, 26.6908], [81.603, 26.6908], [81.603, 26.8566], [80.927, 26.8566], [80.927, 26.6908]]]}}, {"type": "Feature", "properties": {"ac_no": 268, "ac_name": "Barabanki", "district": "Barabanki", "category": "GEN", "pc_no": 53, "pc_name": "Barabanki", "winner_2022": "SP", "lead_2024": "INC", "margin_2024": 63326, "margin_pct_2024": 23.87}, "geometry": {"type": "Polygon", "coordinates": [[[80.927, 26.8566], [81.603, 26.8566], [81.603, 27.0224], [80.927, 27.0224], [80.927, 26.8566]]]}}, {"type": "Feature", "properties": {"ac_no": 269, "ac_name": "Zaidpur", "district": "Barabanki", "category": "GEN", "pc_no": 53, "pc_name": "Barabanki", "winner_2022": "SP", "lead_2024": "INC", "margin_2024": 59133, "margin_pct_2024": 21.38}, "geometry": {"type": "Polygon", "coordinates": [[[80.927, 27.0224], [81.603, 27.0224], [81.603, 27.1882], [80.927, 27.1882], [80.927, 27.0224]]]}}, {"type": "Feature", "properties": {"ac_no": 272, "ac_name": "Haidergarh", "district": "Ayodhya", "category": "GEN", "pc_no": 53, "pc_name": "Barabanki", "winner_2022": "BJP", "lead_2024": "INC", "margin_2024": 14935, "margin_pct_2024": 6.75}, "geometry": {"type": "Polygon", "coordinates": [[[80.927, 27.1882], [81.603, 27.1882], [81.603, 27.354], [80.927, 27.354], [80.927, 27.1882]]]}}, {"type": "Feature", "properties": {"ac_no": 270, "ac_name": "Dariyabad", "district": "Barabanki", "category": "GEN", "pc_no": 54, "pc_name": "Faizabad", "winner_2022": "BJP", "lead_2024": "SP", "margin_2024": 10094, "margin_pct_2024": 3.82}, "geometry": {"type": "Polygon", "coordinates": [[[81.36, 26.49], [81.5628, 26.49], [81.5628, 27.02], [81.36, 27.02], [81.36, 26.49]]]}}, {"type": "Feature", "properties": {"ac_no": 271, "ac_name": "Rudauli", "district": "Ayodhya", "category": "GEN", "pc_no": 54, "pc_name": "Faizabad", "winner_2022": "BJP", "lead_2024": "SP", "margin_2024": 11703, "margin_pct_2024": 5.58}, "geometry": {"type": "Polygon", "coordinates": [[[81.5628, 26.49], [81.7656, 26.49], [81.7656, 27.02], [81.5628, 27.02], [81.5628, 26.49]]]}}, {"type": "Feature", "properties": {"ac_no": 273, "ac_name": "Milkipur", "district": "Ayodhya", "category": "GEN", "pc_no": 54, "pc_name": "Faizabad", "winner_2022": "SP", "lead_2024": "SP", "margin_2024": 7733, "margin_pct_2024": 3.74}, "geometry": {"type": "Polygon", "coordinates": [[[81.7656, 26.49], [81.9684, 26.49], [81.9684, 27.02], [81.7656, 27.02], [81.7656, 26.49]]]}}, {"type": "Feature", "properties": {"ac_no": 274, "ac_name": "Bikapur", "district": "Ayodhya", "category": "GEN", "pc_no": 54, "pc_name": "Faizabad", "winner_2022": "BJP", "lead_2024": "SP", "margin_2024": 29684, "margin_pct_2024": 12.78}, "geometry": {"type": "Polygon", "coordinates": [[[81.9684, 26.49], [82.1712, 26.49], [82.1712, 27.02], [81.9684, 27.02], [81.9684, 26.49]]]}}, {"type": "Feature", "properties": {"ac_no": 275, "ac_name": "Ayodhya", "district": "Ayodhya", "category": "GEN", "pc_no": 54, "pc_name": "Faizabad", "winner_2022": "BJP", "lead_2024": "BJP", "margin_2024": 4667, "margin_pct_2024": 2.13}, "geometry": {"type": "Polygon", "coordinates": [[[82.1712, 26.49], [82.374, 26.49], [82.374, 27.02], [82.1712, 27.02], [82.1712, 26.49]]]}}, {"type": "Feature", "properties": {"ac_no": 276, "ac_name": "Goshainganj", "district": "Barabanki", "category": "GEN", "pc_no": 55, "pc_name": "Ambedkar Nagar", "winner_2022": "SP", "lead_2024": "SP", "margin_2024": 17462, "margin_pct_2024": 7.6}, "geometry": {"type": "Polygon", "coordinates": [[[82.006, 26.158], [82.1828, 26.158], [82.1828, 26.713], [82.006, 26.713], [82.006, 26.158]]]}}, {"type": "Feature", "properties": {"ac_no": 277, "ac_name": "Katehari", "district": "Ambedkar Nagar", "category": "GEN", "pc_no": 55, "pc_name": "Ambedkar Nagar", "winner_2022": "SP", "lead_2024": "SP", "margin_2024": 17072, "margin_pct_2024": 6.92}, "geometry": {"type": "Polygon", "coordinates": [[[82.1828, 26.158], [82.3596, 26.158], [82.3596, 26.713], [82.1828, 26.713], [82.1828, 26.158]]]}}, {"type": "Feature", "properties": {"ac_no": 278, "ac_name": "Tanda", "district": "Ambedkar Nagar", "category": "GEN", "pc_no": 55, "pc_name": "Ambedkar Nagar", "winner_2022": "SP", "lead_2024": "SP", "margin_2024": 53706, "margin_pct_2024": 24.44}, "geometry": {"type": "Polygon", "coordinates": [[[82.3596, 26.158], [82.5364, 26.158], [82.5364, 26.713], [82.3596, 26.713], [82.3596, 26.158]]]}}, {"type": "Feature", "properties": {"ac_no": 280, "ac_name": "Jalalpur", "district": "Ambedkar Nagar", "category": "GEN", "pc_no": 55, "pc_name": "Ambedkar Nagar", "winner_2022": "SP", "lead_2024": "SP", "margin_2024": 27357, "margin_pct_2024": 10.72}, "geometry": {"type": "Polygon", "coordinates": [[[82.5364, 26.158], [82.7132, 26.158], [82.7132, 26.713], [82.5364, 26.713], [82.5364, 26.158]]]}}, {"type": "Feature", "properties": {"ac_no": 281, "ac_name": "Akbarpur", "district": "Ambedkar Nagar", "category": "GEN", "pc_no": 55, "pc_name": "Ambedkar Nagar", "winner_2022": "SP", "lead_2024": "SP", "margin_2024": 21273, "margin_pct_2024": 9.85}, "geometry": {"type": "Polygon", "coordinates": [[[82.7132, 26.158], [82.89, 26.158], [82.89, 26.713], [82.7132, 26.713], [82.7132, 26.158]]]}}, {"type": "Feature", "properties": {"ac_no": 279, "ac_name": "Alapur", "district": "Ambedkar Nagar", "category": "GEN", "pc_no": 62, "pc_name": "Sant Kabir Nagar", "winner_2022": "SP", "lead_2024": "SP", "margin_2024": 21897, "margin_pct_2024": 10.69}, "geometry": {"type": "Polygon", "coordinates": [[[82.784, 26.279], [83.338, 26.279], [83.338, 26.4448], [82.784, 26.4448], [82.784, 26.279]]]}}, {"type": "Feature", "properties": {"ac_no": 312, "ac_name": "Menhdawal", "district": "Sant Kabir Nagar", "category": "GEN", "pc_no": 62, "pc_name": "Sant Kabir Nagar", "winner_2022": "NINSHAD", "lead_2024": "SP", "margin_2024": 13720, "margin_pct_2024": 5.76}, "geometry": {"type": "Polygon", "coordinates": [[[82.784, 26.4448], [83.338, 26.4448], [83.338, 26.6106], [82.784, 26.6106], [82.784, 26.4448]]]}}, {"type": "Feature", "properties": {"ac_no": 313, "ac_name": "Khalilabad", "district": "Sant Kabir Nagar", "category": "GEN", "pc_no": 62, "pc_name": "Sant Kabir Nagar", "winner_2022": "BJP", "lead_2024": "SP", "margin_2024": 52607, "margin_pct_2024": 21.82}, "geometry": {"type": "Polygon", "coordinates": [[[82.784, 26.6106], [83.338, 26.6106], [83.338, 26.7764], [82.784, 26.7764], [82.784, 26.6106]]]}}, {"type": "Feature", "properties": {"ac_no": 314, "ac_name": "Dhanghata", "district": "Sant Kabir Nagar", "category": "GEN", "pc_no": 62, "pc_name": "Sant Kabir Nagar", "winner_2022": "BJP", "lead_2024": "SP", "margin_2024": 14228, "margin_pct_2024": 6.77}, "geometry": {"type": "Polygon", "coordinates": [[[82.784, 26.7764], [83.338, 26.7764], [83.338, 26.9422], [82.784, 26.9422], [82.784, 26.7764]]]}}, {"type": "Feature", "properties": {"ac_no": 325, "ac_name": "Khajani", "district": "Gorakhpur", "category": "GEN", "pc_no": 62, "pc_name": "Sant Kabir Nagar", "winner_2022": "BJP", "lead_2024": "BJP", "margin_2024": 10575, "margin_pct_2024": 5.71}, "geometry": {"type": "Polygon", "coordinates": [[[82.784, 26.9422], [83.338, 26.9422], [83.338, 27.108], [82.784, 27.108], [82.784, 26.9422]]]}}, {"type": "Feature", "properties": {"ac_no": 282, "ac_name": "Balha", "district": "Bahraich", "category": "GEN", "pc_no": 56, "pc_name": "Baharaich", "winner_2022": "BJP", "lead_2024": "BJP", "margin_2024": 17337, "margin_pct_2024": 8.07}, "geometry": {"type": "Polygon", "coordinates": [[[81.034, 27.331], [81.88, 27.331], [81.88, 27.5456], [81.034, 27.5456], [81.034, 27.331]]]}}, {"type": "Feature", "properties": {"ac_no": 283, "ac_name": "Nanpara", "district": "Bahraich", "category": "GEN", "pc_no": 56, "pc_name": "Baharaich", "winner_2022": "ADAL", "lead_2024": "BJP", "margin_2024": 7383, "margin_pct_2024": 3.72}, "geometry": {"type": "Polygon", "coordinates": [[[81.034, 27.5456], [81.88, 27.5456], [81.88, 27.7602], [81.034, 27.7602], [81.034, 27.5456]]]}}, {"type": "Feature", "properties": {"ac_no": 284, "ac_name": "Matera", "district": "Bahraich", "category": "GEN", "pc_no": 56, "pc_name": "Baharaich", "winner_2022": "SP", "lead_2024": "SP", "margin_2024": 14603, "margin_pct_2024": 7.39}, "geometry": {"type": "Polygon", "coordinates": [[[81.034, 27.7602], [81.88, 27.7602], [81.88, 27.9748], [81.034, 27.9748], [81.034, 27.7602]]]}}, {"type": "Feature", "properties": {"ac_no": 285, "ac_name": "Mahasi", "district": "Bahraich", "category": "GEN", "pc_no": 56, "pc_name": "Baharaich", "winner_2022": "BJP", "lead_2024": "BJP", "margin_2024": 58941, "margin_pct_2024": 28.12}, "geometry": {"type": "Polygon", "coordinates": [[[81.034, 27.9748], [81.88, 27.9748], [81.88, 28.1894], [81.034, 28.1894], [81.034, 27.9748]]]}}, {"type": "Feature", "properties": {"ac_no": 286, "ac_name": "Bahraich", "district": "Bahraich", "category": "GEN", "pc_no": 56, "pc_name": "Baharaich", "winner_2022": "BJP", "lead_2024": "SP", "margin_2024": 4937, "margin_pct_2024": 2.22}, "geometry": {"type": "Polygon", "coordinates": [[[81.034, 28.1894], [81.88, 28.1894], [81.88, 28.404], [81.034, 28.404], [81.034, 28.1894]]]}}, {"type": "Feature", "properties": {"ac_no": 287, "ac_name": "Payagpur", "district": "Bahraich", "category": "GEN", "pc_no": 57, "pc_name": "Kaiserganj", "winner_2022": "BJP", "lead_2024": "BJP", "margin_2024": 23779, "margin_pct_2024": 10.8}, "geometry": {"type": "Polygon", "coordinates": [[[81.42, 26.781], [82.116, 26.781], [82.116, 26.9308], [81.42, 26.9308], [81.42, 26.781]]]}}, {"type": "Feature", "properties": {"ac_no": 288, "ac_name": "Kaiserganj", "district": "Bahraich", "category": "GEN", "pc_no": 57, "pc_name": "Kaiserganj", "winner_2022": "SP", "lead_2024": "SP", "margin_2024": 6786, "margin_pct_2024": 3.09}, "geometry": {"type": "Polygon", "coordinates": [[[81.42, 26.9308], [82.116, 26.9308], [82.116, 27.0806], [81.42, 27.0806], [81.42, 26.9308]]]}}, {"type": "Feature", "properties": {"ac_no": 297, "ac_name": "Katra Bazar", "district": "Gonda", "category": "GEN", "pc_no": 57, "pc_name": "Kaiserganj", "winner_2022": "BJP", "lead_2024": "BJP", "margin_2024": 31395, "margin_pct_2024": 14.07}, "geometry": {"type": "Polygon", "coordinates": [[[81.42, 27.0806], [82.116, 27.0806], [82.116, 27.2304], [81.42, 27.2304], [81.42, 27.0806]]]}}, {"type": "Feature", "properties": {"ac_no": 298, "ac_name": "Colonelganj", "district": "Gonda", "category": "GEN", "pc_no": 57, "pc_name": "Kaiserganj", "winner_2022": "BJP", "lead_2024": "BJP", "margin_2024": 19119, "margin_pct_2024": 10.76}, "geometry": {"type": "Polygon", "coordinates": [[[81.42, 27.2304], [82.116, 27.2304], [82.116, 27.3802], [81.42, 27.3802], [81.42, 27.2304]]]}}, {"type": "Feature", "properties": {"ac_no": 299, "ac_name": "Tarabganj", "district": "Gonda", "category": "GEN", "pc_no": 57, "pc_name": "Kaiserganj", "winner_2022": "BJP", "lead_2024": "BJP", "margin_2024": 80917, "margin_pct_2024": 39.48}, "geometry": {"type": "Polygon", "coordinates": [[[81.42, 27.3802], [82.116, 27.3802], [82.116, 27.53], [81.42, 27.53], [81.42, 27.3802]]]}}, {"type": "Feature", "properties": {"ac_no": 289, "ac_name": "Bhinga", "district": "Lucknow", "category": "GEN", "pc_no": 58, "pc_name": "Shrawasti", "winner_2022": "SP", "lead_2024": "SP", "margin_2024": 17001, "margin_pct_2024": 7.66}, "geometry": {"type": "Polygon", "coordinates": [[[81.622, 27.213], [81.8504, 27.213], [81.8504, 27.948], [81.622, 27.948], [81.622, 27.213]]]}}, {"type": "Feature", "properties": {"ac_no": 290, "ac_name": "Shrawasti", "district": "Lucknow", "category": "GEN", "pc_no": 58, "pc_name": "Shrawasti", "winner_2022": "BJP", "lead_2024": "SP", "margin_2024": 22973, "margin_pct_2024": 9.33}, "geometry": {"type": "Polygon", "coordinates": [[[81.8504, 27.213], [82.0788, 27.213], [82.0788, 27.948], [81.8504, 27.948], [81.8504, 27.213]]]}}, {"type": "Feature", "properties": {"ac_no": 291, "ac_name": "Tulsipur", "district": "Balrampur", "category": "GEN", "pc_no": 58, "pc_name": "Shrawasti", "winner_2022": "BJP", "lead_2024": "SP", "margin_2024": 15606, "margin_pct_2024": 8.36}, "geometry": {"type": "Polygon", "coordinates": [[[82.0788, 27.213], [82.3072, 27.213], [82.3072, 27.948], [82.0788, 27.948], [82.0788, 27.213]]]}}, {"type": "Feature", "properties": {"ac_no": 292, "ac_name": "Gainsari", "district": "Balrampur", "category": "GEN", "pc_no": 58, "pc_name": "Shrawasti", "winner_2022": "SP", "lead_2024": "SP", "margin_2024": 21541, "margin_pct_2024": 11.64}, "geometry": {"type": "Polygon", "coordinates": [[[82.3072, 27.213], [82.5356, 27.213], [82.5356, 27.948], [82.3072, 27.948], [82.3072, 27.213]]]}}, {"type": "Feature", "properties": {"ac_no": 294, "ac_name": "Balrampur", "district": "Balrampur", "category": "GEN", "pc_no": 58, "pc_name": "Shrawasti", "winner_2022": "BJP", "lead_2024": "BJP", "margin_2024": 559, "margin_pct_2024": 0.28}, "geometry": {"type": "Polygon", "coordinates": [[[82.5356, 27.213], [82.764, 27.213], [82.764, 27.948], [82.5356, 27.948], [82.5356, 27.213]]]}}, {"type": "Feature", "properties": {"ac_no": 293, "ac_name": "Utraula", "district": "Balrampur", "category": "GEN", "pc_no": 59, "pc_name": "Gonda", "winner_2022": "BJP", "lead_2024": "SP", "margin_2024": 7185, "margin_pct_2024": 3.72}, "geometry": {"type": "Polygon", "coordinates": [[[81.863, 26.786], [82.013, 26.786], [82.013, 27.436], [81.863, 27.436], [81.863, 26.786]]]}}, {"type": "Feature", "properties": {"ac_no": 295, "ac_name": "Mehnaun", "district": "Gonda", "category": "GEN", "pc_no": 59, "pc_name": "Gonda", "winner_2022": "BJP", "lead_2024": "BJP", "margin_2024": 10754, "margin_pct_2024": 5.12}, "geometry": {"type": "Polygon", "coordinates": [[[82.013, 26.786], [82.163, 26.786], [82.163, 27.436], [82.013, 27.436], [82.013, 26.786]]]}}, {"type": "Feature", "properties": {"ac_no": 296, "ac_name": "Gonda", "district": "Gonda", "category": "GEN", "pc_no": 59, "pc_name": "Gonda", "winner_2022": "BJP", "lead_2024": "BJP", "margin_2024": 8504, "margin_pct_2024": 4.57}, "geometry": {"type": "Polygon", "coordinates": [[[82.163, 26.786], [82.313, 26.786], [82.313, 27.436], [82.163, 27.436], [82.163, 26.786]]]}}, {"type": "Feature", "properties": {"ac_no": 300, "ac_name": "Mankapur", "district": "Gonda", "category": "GEN", "pc_no": 59, "pc_name": "Gonda", "winner_2022": "BJP", "lead_2024": "BJP", "margin_2024": 36528, "margin_pct_2024": 20.35}, "geometry": {"type": "Polygon", "coordinates": [[[82.313, 26.786], [82.463, 26.786], [82.463, 27.436], [82.313, 27.436], [82.313, 26.786]]]}}, {"type": "Feature", "properties": {"ac_no": 301, "ac_name": "Gaura", "district": "Gonda", "category": "GEN", "pc_no": 59, "pc_name": "Gonda", "winner_2022": "BJP", "lead_2024": "SP", "margin_2024": 2273, "margin_pct_2024": 1.31}, "geometry": {"type": "Polygon", "coordinates": [[[82.463, 26.786], [82.613, 26.786], [82.613, 27.436], [82.463, 27.436], [82.463, 26.786]]]}}, {"type": "Feature", "properties": {"ac_no": 302, "ac_name": "Shohratgarh", "district": "Siddharthnagar", "category": "GEN", "pc_no": 60, "pc_name": "Domariyaganj", "winner_2022": "ADAL", "lead_2024": "BJP", "margin_2024": 12317, "margin_pct_2024": 6.49}, "geometry": {"type": "Polygon", "coordinates": [[[82.438, 27.021], [82.609, 27.021], [82.609, 27.503], [82.438, 27.503], [82.438, 27.021]]]}}, {"type": "Feature", "properties": {"ac_no": 303, "ac_name": "Kapilvastu", "district": "Siddharthnagar", "category": "GEN", "pc_no": 60, "pc_name": "Domariyaganj", "winner_2022": "BJP", "lead_2024": "BJP", "margin_2024": 18816, "margin_pct_2024": 7.47}, "geometry": {"type": "Polygon", "coordinates": [[[82.609, 27.021], [82.78, 27.021], [82.78, 27.503], [82.609, 27.503], [82.609, 27.021]]]}}, {"type": "Feature", "properties": {"ac_no": 304, "ac_name": "Bansi", "district": "Siddharthnagar", "category": "GEN", "pc_no": 60, "pc_name": "Domariyaganj", "winner_2022": "BJP", "lead_2024": "BJP", "margin_2024": 15838, "margin_pct_2024": 8.23}, "geometry": {"type": "Polygon", "coordinates": [[[82.78, 27.021], [82.951, 27.021], [82.951, 27.503], [82.78, 27.503], [82.78, 27.021]]]}}, {"type": "Feature", "properties": {"ac_no": 305, "ac_name": "Itwa", "district": "Siddharthnagar", "category": "GEN", "pc_no": 60, "pc_name": "Domariyaganj", "winner_2022": "SP", "lead_2024": "SP", "margin_2024": 2456, "margin_pct_2024": 1.46}, "geometry": {"type": "Polygon", "coordinates": [[[82.951, 27.021], [83.122, 27.021], [83.122, 27.503], [82.951, 27.503], [82.951, 27.021]]]}}, {"type": "Feature", "properties": {"ac_no": 306, "ac_name": "Doomariyaganj", "district": "Siddharthnagar", "category": "GEN", "pc_no": 60, "pc_name": "Domariyaganj", "winner_2022": "SP", "lead_2024": "SP", "margin_2024": 811, "margin_pct_2024": 0.4}, "geometry": {"type": "Polygon", "coordinates": [[[83.122, 27.021], [83.293, 27.021], [83.293, 27.503], [83.122, 27.503], [83.122, 27.021]]]}}, {"type": "Feature", "properties": {"ac_no": 307, "ac_name": "Harraiya", "district": "Basti", "category": "GEN", "pc_no": 61, "pc_name": "Basti", "winner_2022": "BJP", "lead_2024": "BJP", "margin_2024": 2804, "margin_pct_2024": 1.31}, "geometry": {"type": "Polygon", "coordinates": [[[82.229, 26.526], [82.3788, 26.526], [82.3788, 27.125], [82.229, 27.125], [82.229, 26.526]]]}}, {"type": "Feature", "properties": {"ac_no": 308, "ac_name": "Kaptanganj", "district": "Basti", "category": "GEN", "pc_no": 61, "pc_name": "Basti", "winner_2022": "SP", "lead_2024": "SP", "margin_2024": 32439, "margin_pct_2024": 15.39}, "geometry": {"type": "Polygon", "coordinates": [[[82.3788, 26.526], [82.5286, 26.526], [82.5286, 27.125], [82.3788, 27.125], [82.3788, 26.526]]]}}, {"type": "Feature", "properties": {"ac_no": 309, "ac_name": "Rudhauli", "district": "Basti", "category": "GEN", "pc_no": 61, "pc_name": "Basti", "winner_2022": "SP", "lead_2024": "SP", "margin_2024": 24196, "margin_pct_2024": 10.43}, "geometry": {"type": "Polygon", "coordinates": [[[82.5286, 26.526], [82.6784, 26.526], [82.6784, 27.125], [82.5286, 27.125], [82.5286, 26.526]]]}}, {"type": "Feature", "properties": {"ac_no": 310, "ac_name": "Basti Sadar", "district": "Basti", "category": "GEN", "pc_no": 61, "pc_name": "Basti", "winner_2022": "SP", "lead_2024": "SP", "margin_2024": 19749, "margin_pct_2024": 9.56}, "geometry": {"type": "Polygon", "coordinates": [[[82.6784, 26.526], [82.8282, 26.526], [82.8282, 27.125], [82.6784, 27.125], [82.6784, 26.526]]]}}, {"type": "Feature", "properties": {"ac_no": 311, "ac_name": "Mahadewa", "district": "Basti", "category": "GEN", "pc_no": 61, "pc_name": "Basti", "winner_2022": "SBSP", "lead_2024": "SP", "margin_2024": 25303, "margin_pct_2024": 12.29}, "geometry": {"type": "Polygon", "coordinates": [[[82.8282, 26.526], [82.978, 26.526], [82.978, 27.125], [82.8282, 27.125], [82.8282, 26.526]]]}}, {"type": "Feature", "properties": {"ac_no": 315, "ac_name": "Pharenda", "district": "Maharajganj", "category": "GEN", "pc_no": 63, "pc_name": "Maharajganj", "winner_2022": "INC", "lead_2024": "INC", "margin_2024": 13157, "margin_pct_2024": 6.36}, "geometry": {"type": "Polygon", "coordinates": [[[83.12, 26.889], [83.2828, 26.889], [83.2828, 27.479], [83.12, 27.479], [83.12, 26.889]]]}}, {"type": "Feature", "properties": {"ac_no": 316, "ac_name": "Nautanwa", "district": "Maharajganj", "category": "GEN", "pc_no": 63, "pc_name": "Maharajganj", "winner_2022": "NINSHAD", "lead_2024": "BJP", "margin_2024": 3265, "margin_pct_2024": 1.49}, "geometry": {"type": "Polygon", "coordinates": [[[83.2828, 26.889], [83.4456, 26.889], [83.4456, 27.479], [83.2828, 27.479], [83.2828, 26.889]]]}}, {"type": "Feature", "properties": {"ac_no": 317, "ac_name": "Siswa", "district": "Maharajganj", "category": "GEN", "pc_no": 63, "pc_name": "Maharajganj", "winner_2022": "BJP", "lead_2024": "BJP", "margin_2024": 29719, "margin_pct_2024": 11.62}, "geometry": {"type": "Polygon", "coordinates": [[[83.4456, 26.889], [83.6084, 26.889], [83.6084, 27.479], [83.4456, 27.479], [83.4456, 26.889]]]}}, {"type": "Feature", "properties": {"ac_no": 318, "ac_name": "Maharajganj", "district": "Maharajganj", "category": "GEN", "pc_no": 63, "pc_name": "Maharajganj", "winner_2022": "BJP", "lead_2024": "BJP", "margin_2024": 168, "margin_pct_2024": 0.06}, "geometry": {"type": "Polygon", "coordinates": [[[83.6084, 26.889], [83.7712, 26.889], [83.7712, 27.479], [83.6084, 27.479], [83.6084, 26.889]]]}}, {"type": "Feature", "properties": {"ac_no": 319, "ac_name": "PANIYRA", "district": "Maharajganj", "category": "GEN", "pc_no": 63, "pc_name": "Maharajganj", "winner_2022": "BJP", "lead_2024": "BJP", "margin_2024": 15447, "margin_pct_2024": 6.05}, "geometry": {"type": "Polygon", "coordinates": [[[83.7712, 26.889], [83.934, 26.889], [83.934, 27.479], [83.7712, 27.479], [83.7712, 26.889]]]}}, {"type": "Feature", "properties": {"ac_no": 320, "ac_name": "Caimpiyarganj", "district": "Gorakhpur", "category": "GEN", "pc_no": 64, "pc_name": "Gorakhpur", "winner_2022": "BJP", "lead_2024": "BJP", "margin_2024": 18926, "margin_pct_2024": 8.79}, "geometry": {"type": "Polygon", "coordinates": [[[83.087, 26.597], [83.622, 26.597], [83.622, 26.706], [83.087, 26.706], [83.087, 26.597]]]}}, {"type": "Feature", "properties": {"ac_no": 321, "ac_name": "Pipraich", "district": "Gorakhpur", "category": "GEN", "pc_no": 64, "pc_name": "Gorakhpur", "winner_2022": "BJP", "lead_2024": "BJP", "margin_2024": 28783, "margin_pct_2024": 11.53}, "geometry": {"type": "Polygon", "coordinates": [[[83.087, 26.706], [83.622, 26.706], [83.622, 26.815], [83.087, 26.815], [83.087, 26.706]]]}}, {"type": "Feature", "properties": {"ac_no": 322, "ac_name": "Gorakhpur Urban", "district": "Gorakhpur", "category": "GEN", "pc_no": 64, "pc_name": "Gorakhpur", "winner_2022": "BJP", "lead_2024": "BJP", "margin_2024": 47614, "margin_pct_2024": 20.96}, "geometry": {"type": "Polygon", "coordinates": [[[83.087, 26.815], [83.622, 26.815], [83.622, 26.924], [83.087, 26.924], [83.087, 26.815]]]}}, {"type": "Feature", "properties": {"ac_no": 323, "ac_name": "Gorakhpur Rural", "district": "Gorakhpur", "category": "GEN", "pc_no": 64, "pc_name": "Gorakhpur", "winner_2022": "BJP", "lead_2024": "BJP", "margin_2024": 3092, "margin_pct_2024": 1.31}, "geometry": {"type": "Polygon", "coordinates": [[[83.087, 26.924], [83.622, 26.924], [83.622, 27.033], [83.087, 27.033], [83.087, 26.924]]]}}, {"type": "Feature", "properties": {"ac_no": 324, "ac_name": "Sahajanwa", "district": "Gorakhpur", "category": "GEN", "pc_no": 64, "pc_name": "Gorakhpur", "winner_2022": "BJP", "lead_2024": "BJP", "margin_2024": 5309, "margin_pct_2024": 2.46}, "geometry": {"type": "Polygon", "coordinates": [[[83.087, 27.033], [83.622, 27.033], [83.622, 27.142], [83.087, 27.142], [83.087, 27.033]]]}}, {"type": "Feature", "properties": {"ac_no": 326, "ac_name": "Chauri-Chaura", "district": "Gorakhpur", "category": "GEN", "pc_no": 67, "pc_name": "Bansgaon", "winner_2022": "BJP", "lead_2024": "BJP", "margin_2024": 16273, "margin_pct_2024": 8.26}, "geometry": {"type": "Polygon", "coordinates": [[[83.214, 26.16], [83.35, 26.16], [83.35, 26.759], [83.214, 26.759], [83.214, 26.16]]]}}, {"type": "Feature", "properties": {"ac_no": 327, "ac_name": "Bansgaon", "district": "Gorakhpur", "category": "GEN", "pc_no": 67, "pc_name": "Bansgaon", "winner_2022": "BJP", "lead_2024": "INC", "margin_2024": 9245, "margin_pct_2024": 5.23}, "geometry": {"type": "Polygon", "coordinates": [[[83.35, 26.16], [83.486, 26.16], [83.486, 26.759], [83.35, 26.759], [83.35, 26.16]]]}}, {"type": "Feature", "properties": {"ac_no": 328, "ac_name": "Chillupar", "district": "Gorakhpur", "category": "GEN", "pc_no": 67, "pc_name": "Bansgaon", "winner_2022": "BJP", "lead_2024": "INC", "margin_2024": 10376, "margin_pct_2024": 4.94}, "geometry": {"type": "Polygon", "coordinates": [[[83.486, 26.16], [83.622, 26.16], [83.622, 26.759], [83.486, 26.759], [83.486, 26.16]]]}}, {"type": "Feature", "properties": {"ac_no": 336, "ac_name": "Rudrapur", "district": "Deoria", "category": "GEN", "pc_no": 67, "pc_name": "Bansgaon", "winner_2022": "BJP", "lead_2024": "BJP", "margin_2024": 14636, "margin_pct_2024": 8.29}, "geometry": {"type": "Polygon", "coordinates": [[[83.622, 26.16], [83.758, 26.16], [83.758, 26.759], [83.622, 26.759], [83.622, 26.16]]]}}, {"type": "Feature", "properties": {"ac_no": 342, "ac_name": "Barhaj", "district": "Deoria", "category": "GEN", "pc_no": 67, "pc_name": "Bansgaon", "winner_2022": "BJP", "lead_2024": "INC", "margin_2024": 7632, "margin_pct_2024": 4.42}, "geometry": {"type": "Polygon", "coordinates": [[[83.758, 26.16], [83.894, 26.16], [83.894, 26.759], [83.758, 26.759], [83.758, 26.16]]]}}, {"type": "Feature", "properties": {"ac_no": 329, "ac_name": "Khadda", "district": "Kushinagar", "category": "GEN", "pc_no": 65, "pc_name": "Kushi Nagar", "winner_2022": "NINSHAD", "lead_2024": "SP", "margin_2024": 3193, "margin_pct_2024": 1.53}, "geometry": {"type": "Polygon", "coordinates": [[[83.524, 26.658], [84.093, 26.658], [84.093, 26.7848], [83.524, 26.7848], [83.524, 26.658]]]}}, {"type": "Feature", "properties": {"ac_no": 330, "ac_name": "Padrauna", "district": "Kushinagar", "category": "GEN", "pc_no": 65, "pc_name": "Kushi Nagar", "winner_2022": "BJP", "lead_2024": "BJP", "margin_2024": 10817, "margin_pct_2024": 4.78}, "geometry": {"type": "Polygon", "coordinates": [[[83.524, 26.7848], [84.093, 26.7848], [84.093, 26.9116], [83.524, 26.9116], [83.524, 26.7848]]]}}, {"type": "Feature", "properties": {"ac_no": 333, "ac_name": "Kushinagar", "district": "Kushinagar", "category": "GEN", "pc_no": 65, "pc_name": "Kushi Nagar", "winner_2022": "BJP", "lead_2024": "BJP", "margin_2024": 13834, "margin_pct_2024": 6.47}, "geometry": {"type": "Polygon", "coordinates": [[[83.524, 26.9116], [84.093, 26.9116], [84.093, 27.0384], [83.524, 27.0384], [83.524, 26.9116]]]}}, {"type": "Feature", "properties": {"ac_no": 334, "ac_name": "Hata", "district": "Kushinagar", "category": "GEN", "pc_no": 65, "pc_name": "Kushi Nagar", "winner_2022": "BJP", "lead_2024": "BJP", "margin_2024": 32686, "margin_pct_2024": 15.42}, "geometry": {"type": "Polygon", "coordinates": [[[83.524, 27.0384], [84.093, 27.0384], [84.093, 27.1652], [83.524, 27.1652], [83.524, 27.0384]]]}}, {"type": "Feature", "properties": {"ac_no": 335, "ac_name": "Ramkola", "district": "Kushinagar", "category": "GEN", "pc_no": 65, "pc_name": "Kushi Nagar", "winner_2022": "BJP", "lead_2024": "BJP", "margin_2024": 27652, "margin_pct_2024": 13.18}, "geometry": {"type": "Polygon", "coordinates": [[[83.524, 27.1652], [84.093, 27.1652], [84.093, 27.292], [83.524, 27.292], [83.524, 27.1652]]]}}, {"type": "Feature", "properties": {"ac_no": 331, "ac_name": "Tamkuhi Raj", "district": "Kushinagar", "category": "GEN", "pc_no": 66, "pc_name": "Deoria", "winner_2022": "BJP", "lead_2024": "BJP", "margin_2024": 28852, "margin_pct_2024": 13.01}, "geometry": {"type": "Polygon", "coordinates": [[[83.616, 26.289], [83.7768, 26.289], [83.7768, 26.899], [83.616, 26.899], [83.616, 26.289]]]}}, {"type": "Feature", "properties": {"ac_no": 332, "ac_name": "Fazilnagar", "district": "Kushinagar", "category": "GEN", "pc_no": 66, "pc_name": "Deoria", "winner_2022": "BJP", "lead_2024": "BJP", "margin_2024": 14431, "margin_pct_2024": 6.55}, "geometry": {"type": "Polygon", "coordinates": [[[83.7768, 26.289], [83.9376, 26.289], [83.9376, 26.899], [83.7768, 26.899], [83.7768, 26.289]]]}}, {"type": "Feature", "properties": {"ac_no": 337, "ac_name": "Deoria", "district": "Deoria", "category": "GEN", "pc_no": 66, "pc_name": "Deoria", "winner_2022": "BJP", "lead_2024": "BJP", "margin_2024": 8593, "margin_pct_2024": 4.47}, "geometry": {"type": "Polygon", "coordinates": [[[83.9376, 26.289], [84.0984, 26.289], [84.0984, 26.899], [83.9376, 26.899], [83.9376, 26.289]]]}}, {"type": "Feature", "properties": {"ac_no": 338, "ac_name": "Pathardeva", "district": "Deoria", "category": "GEN", "pc_no": 66, "pc_name": "Deoria", "winner_2022": "BJP", "lead_2024": "INC", "margin_2024": 5761, "margin_pct_2024": 2.92}, "geometry": {"type": "Polygon", "coordinates": [[[84.0984, 26.289], [84.2592, 26.289], [84.2592, 26.899], [84.0984, 26.899], [84.0984, 26.289]]]}}, {"type": "Feature", "properties": {"ac_no": 339, "ac_name": "Rampur Karkhana", "district": "Deoria", "category": "GEN", "pc_no": 66, "pc_name": "Deoria", "winner_2022": "BJP", "lead_2024": "INC", "margin_2024": 10552, "margin_pct_2024": 5.32}, "geometry": {"type": "Polygon", "coordinates": [[[84.2592, 26.289], [84.42, 26.289], [84.42, 26.899], [84.2592, 26.899], [84.2592, 26.289]]]}}, {"type": "Feature", "properties": {"ac_no": 340, "ac_name": "Bhatpar Rani", "district": "Deoria", "category": "GEN", "pc_no": 71, "pc_name": "Salempur", "winner_2022": "BJP", "lead_2024": "BJP", "margin_2024": 14059, "margin_pct_2024": 7.61}, "geometry": {"type": "Polygon", "coordinates": [[[83.678, 25.776], [83.8208, 25.776], [83.8208, 26.447], [83.678, 26.447], [83.678, 25.776]]]}}, {"type": "Feature", "properties": {"ac_no": 341, "ac_name": "Salempur", "district": "Deoria", "category": "GEN", "pc_no": 71, "pc_name": "Salempur", "winner_2022": "BJP", "lead_2024": "SP", "margin_2024": 8706, "margin_pct_2024": 5.19}, "geometry": {"type": "Polygon", "coordinates": [[[83.8208, 25.776], [83.9636, 25.776], [83.9636, 26.447], [83.8208, 26.447], [83.8208, 25.776]]]}}, {"type": "Feature", "properties": {"ac_no": 357, "ac_name": "Belthara Road", "district": "Ballia", "category": "GEN", "pc_no": 71, "pc_name": "Salempur", "winner_2022": "SBSP", "lead_2024": "SP", "margin_2024": 9700, "margin_pct_2024": 5.05}, "geometry": {"type": "Polygon", "coordinates": [[[83.9636, 25.776], [84.1064, 25.776], [84.1064, 26.447], [83.9636, 26.447], [83.9636, 25.776]]]}}, {"type": "Feature", "properties": {"ac_no": 359, "ac_name": "Sikanderpur", "district": "Ballia", "category": "GEN", "pc_no": 71, "pc_name": "Salempur", "winner_2022": "SP", "lead_2024": "SP", "margin_2024": 7380, "margin_pct_2024": 4.44}, "geometry": {"type": "Polygon", "coordinates": [[[84.1064, 25.776], [84.2492, 25.776], [84.2492, 26.447], [84.1064, 26.447], [84.1064, 25.776]]]}}, {"type": "Feature", "properties": {"ac_no": 362, "ac_name": "Bansdih", "district": "Ballia", "category": "GEN", "pc_no": 71, "pc_name": "Salempur", "winner_2022": "BJP", "lead_2024": "BJP", "margin_2024": 8600, "margin_pct_2024": 4.4}, "geometry": {"type": "Polygon", "coordinates": [[[84.2492, 25.776], [84.392, 25.776], [84.392, 26.447], [84.2492, 26.447], [84.2492, 25.776]]]}}, {"type": "Feature", "properties": {"ac_no": 343, "ac_name": "Atrauliya", "district": "Azamgarh", "category": "GEN", "pc_no": 68, "pc_name": "Lalganj", "winner_2022": "SP", "lead_2024": "SP", "margin_2024": 7520, "margin_pct_2024": 3.43}, "geometry": {"type": "Polygon", "coordinates": [[[82.665, 25.649], [83.13, 25.649], [83.13, 25.8078], [82.665, 25.8078], [82.665, 25.649]]]}}, {"type": "Feature", "properties": {"ac_no": 348, "ac_name": "Nizamabad", "district": "Azamgarh", "category": "GEN", "pc_no": 68, "pc_name": "Lalganj", "winner_2022": "SP", "lead_2024": "SP", "margin_2024": 41558, "margin_pct_2024": 22.86}, "geometry": {"type": "Polygon", "coordinates": [[[82.665, 25.8078], [83.13, 25.8078], [83.13, 25.9666], [82.665, 25.9666], [82.665, 25.8078]]]}}, {"type": "Feature", "properties": {"ac_no": 349, "ac_name": "Phoolpur Pawai", "district": "Azamgarh", "category": "GEN", "pc_no": 68, "pc_name": "Lalganj", "winner_2022": "SP", "lead_2024": "SP", "margin_2024": 31400, "margin_pct_2024": 16.89}, "geometry": {"type": "Polygon", "coordinates": [[[82.665, 25.9666], [83.13, 25.9666], [83.13, 26.1254], [82.665, 26.1254], [82.665, 25.9666]]]}}, {"type": "Feature", "properties": {"ac_no": 350, "ac_name": "Didarganj", "district": "Azamgarh", "category": "GEN", "pc_no": 68, "pc_name": "Lalganj", "winner_2022": "SP", "lead_2024": "SP", "margin_2024": 16897, "margin_pct_2024": 8.73}, "geometry": {"type": "Polygon", "coordinates": [[[82.665, 26.1254], [83.13, 26.1254], [83.13, 26.2842], [82.665, 26.2842], [82.665, 26.1254]]]}}, {"type": "Feature", "properties": {"ac_no": 351, "ac_name": "Lalganj", "district": "Azamgarh", "category": "GEN", "pc_no": 68, "pc_name": "Lalganj", "winner_2022": "SP", "lead_2024": "SP", "margin_2024": 16086, "margin_pct_2024": 7.59}, "geometry": {"type": "Polygon", "coordinates": [[[82.665, 26.2842], [83.13, 26.2842], [83.13, 26.443], [82.665, 26.443], [82.665, 26.2842]]]}}, {"type": "Feature", "properties": {"ac_no": 344, "ac_name": "Gopalpur", "district": "Azamgarh", "category": "GEN", "pc_no": 69, "pc_name": "Azamgarh", "winner_2022": "SP", "lead_2024": "SP", "margin_2024": 35032, "margin_pct_2024": 17.29}, "geometry": {"type": "Polygon", "coordinates": [[[82.976, 25.636], [83.509, 25.636], [83.509, 25.7882], [82.976, 25.7882], [82.976, 25.636]]]}}, {"type": "Feature", "properties": {"ac_no": 345, "ac_name": "Sagri", "district": "Azamgarh", "category": "GEN", "pc_no": 69, "pc_name": "Azamgarh", "winner_2022": "SP", "lead_2024": "SP", "margin_2024": 23597, "margin_pct_2024": 12.41}, "geometry": {"type": "Polygon", "coordinates": [[[82.976, 25.7882], [83.509, 25.7882], [83.509, 25.9404], [82.976, 25.9404], [82.976, 25.7882]]]}}, {"type": "Feature", "properties": {"ac_no": 346, "ac_name": "Mubarakpur", "district": "Azamgarh", "category": "GEN", "pc_no": 69, "pc_name": "Azamgarh", "winner_2022": "SP", "lead_2024": "SP", "margin_2024": 53931, "margin_pct_2024": 25.74}, "geometry": {"type": "Polygon", "coordinates": [[[82.976, 25.9404], [83.509, 25.9404], [83.509, 26.0926], [82.976, 26.0926], [82.976, 25.9404]]]}}, {"type": "Feature", "properties": {"ac_no": 347, "ac_name": "Azamgarh", "district": "Azamgarh", "category": "GEN", "pc_no": 69, "pc_name": "Azamgarh", "winner_2022": "SP", "lead_2024": "SP", "margin_2024": 24794, "margin_pct_2024": 11.01}, "geometry": {"type": "Polygon", "coordinates": [[[82.976, 26.0926], [83.509, 26.0926], [83.509, 26.2448], [82.976, 26.2448], [82.976, 26.0926]]]}}, {"type": "Feature", "properties": {"ac_no": 352, "ac_name": "Mehnagar", "district": "Azamgarh", "category": "GEN", "pc_no": 69, "pc_name": "Azamgarh", "winner_2022": "SP", "lead_2024": "SP", "margin_2024": 21758, "margin_pct_2024": 10.11}, "geometry": {"type": "Polygon", "coordinates": [[[82.976, 26.2448], [83.509, 26.2448], [83.509, 26.397], [82.976, 26.397], [82.976, 26.2448]]]}}, {"type": "Feature", "properties": {"ac_no": 353, "ac_name": "Madhuban", "district": "Mau", "category": "GEN", "pc_no": 70, "pc_name": "Ghosi", "winner_2022": "BJP", "lead_2024": "SP", "margin_2024": 17781, "margin_pct_2024": 8.05}, "geometry": {"type": "Polygon", "coordinates": [[[83.322, 25.749], [83.4668, 25.749], [83.4668, 26.278], [83.322, 26.278], [83.322, 25.749]]]}}, {"type": "Feature", "properties": {"ac_no": 354, "ac_name": "Ghosi", "district": "Mau", "category": "GEN", "pc_no": 70, "pc_name": "Ghosi", "winner_2022": "SP", "lead_2024": "SP", "margin_2024": 35135, "margin_pct_2024": 14.15}, "geometry": {"type": "Polygon", "coordinates": [[[83.4668, 25.749], [83.6116, 25.749], [83.6116, 26.278], [83.4668, 26.278], [83.4668, 25.749]]]}}, {"type": "Feature", "properties": {"ac_no": 355, "ac_name": "Muhammadabad- Gohna (SC)", "district": "Mau", "category": "GEN", "pc_no": 70, "pc_name": "Ghosi", "winner_2022": "SP", "lead_2024": "SP", "margin_2024": 40281, "margin_pct_2024": 18.16}, "geometry": {"type": "Polygon", "coordinates": [[[83.6116, 25.749], [83.7564, 25.749], [83.7564, 26.278], [83.6116, 26.278], [83.6116, 25.749]]]}}, {"type": "Feature", "properties": {"ac_no": 356, "ac_name": "Mau", "district": "Mau", "category": "GEN", "pc_no": 70, "pc_name": "Ghosi", "winner_2022": "SBSP", "lead_2024": "SP", "margin_2024": 63677, "margin_pct_2024": 24.09}, "geometry": {"type": "Polygon", "coordinates": [[[83.7564, 25.749], [83.9012, 25.749], [83.9012, 26.278], [83.7564, 26.278], [83.7564, 25.749]]]}}, {"type": "Feature", "properties": {"ac_no": 358, "ac_name": "Rasara", "district": "Ballia", "category": "GEN", "pc_no": 70, "pc_name": "Ghosi", "winner_2022": "BSP", "lead_2024": "SP", "margin_2024": 5117, "margin_pct_2024": 2.71}, "geometry": {"type": "Polygon", "coordinates": [[[83.9012, 25.749], [84.046, 25.749], [84.046, 26.278], [83.9012, 26.278], [83.9012, 25.749]]]}}, {"type": "Feature", "properties": {"ac_no": 360, "ac_name": "Phephana", "district": "Ballia", "category": "GEN", "pc_no": 72, "pc_name": "Ballia", "winner_2022": "SP", "lead_2024": "SP", "margin_2024": 3398, "margin_pct_2024": 1.95}, "geometry": {"type": "Polygon", "coordinates": [[[83.553, 25.517], [83.7694, 25.517], [83.7694, 25.936], [83.553, 25.936], [83.553, 25.517]]]}}, {"type": "Feature", "properties": {"ac_no": 361, "ac_name": "Ballia Nagar", "district": "Ballia", "category": "GEN", "pc_no": 72, "pc_name": "Ballia", "winner_2022": "BJP", "lead_2024": "BJP", "margin_2024": 5682, "margin_pct_2024": 3.02}, "geometry": {"type": "Polygon", "coordinates": [[[83.7694, 25.517], [83.9858, 25.517], [83.9858, 25.936], [83.7694, 25.936], [83.7694, 25.517]]]}}, {"type": "Feature", "properties": {"ac_no": 363, "ac_name": "Bairia", "district": "Ballia", "category": "GEN", "pc_no": 72, "pc_name": "Ballia", "winner_2022": "SP", "lead_2024": "SP", "margin_2024": 6248, "margin_pct_2024": 3.8}, "geometry": {"type": "Polygon", "coordinates": [[[83.9858, 25.517], [84.2022, 25.517], [84.2022, 25.936], [83.9858, 25.936], [83.9858, 25.517]]]}}, {"type": "Feature", "properties": {"ac_no": 377, "ac_name": "Zahoorabad", "district": "Ghazipur", "category": "GEN", "pc_no": 72, "pc_name": "Ballia", "winner_2022": "SBSP", "lead_2024": "SP", "margin_2024": 14187, "margin_pct_2024": 5.99}, "geometry": {"type": "Polygon", "coordinates": [[[84.2022, 25.517], [84.4186, 25.517], [84.4186, 25.936], [84.2022, 25.936], [84.2022, 25.517]]]}}, {"type": "Feature", "properties": {"ac_no": 378, "ac_name": "Mohammadabad", "district": "Ghazipur", "category": "GEN", "pc_no": 72, "pc_name": "Ballia", "winner_2022": "SP", "lead_2024": "SP", "margin_2024": 25045, "margin_pct_2024": 10.87}, "geometry": {"type": "Polygon", "coordinates": [[[84.4186, 25.517], [84.635, 25.517], [84.635, 25.936], [84.4186, 25.936], [84.4186, 25.517]]]}}, {"type": "Feature", "properties": {"ac_no": 364, "ac_name": "Badlapur", "district": "Jaunpur", "category": "GEN", "pc_no": 73, "pc_name": "Jaunpur", "winner_2022": "BJP", "lead_2024": "SP", "margin_2024": 10671, "margin_pct_2024": 5.46}, "geometry": {"type": "Polygon", "coordinates": [[[82.122, 25.534], [82.774, 25.534], [82.774, 25.6674], [82.122, 25.6674], [82.122, 25.534]]]}}, {"type": "Feature", "properties": {"ac_no": 365, "ac_name": "Shahganj", "district": "Jaunpur", "category": "GEN", "pc_no": 73, "pc_name": "Jaunpur", "winner_2022": "NINSHAD", "lead_2024": "SP", "margin_2024": 17770, "margin_pct_2024": 7.68}, "geometry": {"type": "Polygon", "coordinates": [[[82.122, 25.6674], [82.774, 25.6674], [82.774, 25.8008], [82.122, 25.8008], [82.122, 25.6674]]]}}, {"type": "Feature", "properties": {"ac_no": 366, "ac_name": "Jaunpur", "district": "Jaunpur", "category": "GEN", "pc_no": 73, "pc_name": "Jaunpur", "winner_2022": "BJP", "lead_2024": "SP", "margin_2024": 22204, "margin_pct_2024": 9.24}, "geometry": {"type": "Polygon", "coordinates": [[[82.122, 25.8008], [82.774, 25.8008], [82.774, 25.9342], [82.122, 25.9342], [82.122, 25.8008]]]}}, {"type": "Feature", "properties": {"ac_no": 367, "ac_name": "Malhani", "district": "Jaunpur", "category": "GEN", "pc_no": 73, "pc_name": "Jaunpur", "winner_2022": "SP", "lead_2024": "SP", "margin_2024": 31688, "margin_pct_2024": 14.67}, "geometry": {"type": "Polygon", "coordinates": [[[82.122, 25.9342], [82.774, 25.9342], [82.774, 26.0676], [82.122, 26.0676], [82.122, 25.9342]]]}}, {"type": "Feature", "properties": {"ac_no": 368, "ac_name": "Mungra Badshahpur", "district": "Jaunpur", "category": "GEN", "pc_no": 73, "pc_name": "Jaunpur", "winner_2022": "SP", "lead_2024": "SP", "margin_2024": 15231, "margin_pct_2024": 7.35}, "geometry": {"type": "Polygon", "coordinates": [[[82.122, 26.0676], [82.774, 26.0676], [82.774, 26.201], [82.122, 26.201], [82.122, 26.0676]]]}}, {"type": "Feature", "properties": {"ac_no": 369, "ac_name": "Machhlishahr", "district": "Jaunpur", "category": "GEN", "pc_no": 74, "pc_name": "Machhlishahr", "winner_2022": "SP", "lead_2024": "SP", "margin_2024": 23734, "margin_pct_2024": 11.29}, "geometry": {"type": "Polygon", "coordinates": [[[82.314, 25.373], [82.4692, 25.373], [82.4692, 25.834], [82.314, 25.834], [82.314, 25.373]]]}}, {"type": "Feature", "properties": {"ac_no": 370, "ac_name": "Mariyahu", "district": "Jaunpur", "category": "GEN", "pc_no": 74, "pc_name": "Machhlishahr", "winner_2022": "ADAL", "lead_2024": "BJP", "margin_2024": 1086, "margin_pct_2024": 0.58}, "geometry": {"type": "Polygon", "coordinates": [[[82.4692, 25.373], [82.6244, 25.373], [82.6244, 25.834], [82.4692, 25.834], [82.4692, 25.373]]]}}, {"type": "Feature", "properties": {"ac_no": 371, "ac_name": "Zafrabad", "district": "Jaunpur", "category": "GEN", "pc_no": 74, "pc_name": "Machhlishahr", "winner_2022": "SBSP", "lead_2024": "SP", "margin_2024": 7934, "margin_pct_2024": 3.73}, "geometry": {"type": "Polygon", "coordinates": [[[82.6244, 25.373], [82.7796, 25.373], [82.7796, 25.834], [82.6244, 25.834], [82.6244, 25.373]]]}}, {"type": "Feature", "properties": {"ac_no": 372, "ac_name": "Kerakat", "district": "Jaunpur", "category": "GEN", "pc_no": 74, "pc_name": "Machhlishahr", "winner_2022": "SP", "lead_2024": "SP", "margin_2024": 13350, "margin_pct_2024": 5.8}, "geometry": {"type": "Polygon", "coordinates": [[[82.7796, 25.373], [82.9348, 25.373], [82.9348, 25.834], [82.7796, 25.834], [82.7796, 25.373]]]}}, {"type": "Feature", "properties": {"ac_no": 384, "ac_name": "Pindra", "district": "Varanasi", "category": "GEN", "pc_no": 74, "pc_name": "Machhlishahr", "winner_2022": "BJP", "lead_2024": "BJP", "margin_2024": 8865, "margin_pct_2024": 4.26}, "geometry": {"type": "Polygon", "coordinates": [[[82.9348, 25.373], [83.09, 25.373], [83.09, 25.834], [82.9348, 25.834], [82.9348, 25.373]]]}}, {"type": "Feature", "properties": {"ac_no": 373, "ac_name": "Jakhanian", "district": "Ghazipur", "category": "GEN", "pc_no": 75, "pc_name": "Ghazipur", "winner_2022": "SBSP", "lead_2024": "SP", "margin_2024": 26348, "margin_pct_2024": 10.3}, "geometry": {"type": "Polygon", "coordinates": [[[83.064, 25.306], [83.2268, 25.306], [83.2268, 25.867], [83.064, 25.867], [83.064, 25.306]]]}}, {"type": "Feature", "properties": {"ac_no": 374, "ac_name": "Saidpur", "district": "Ghazipur", "category": "GEN", "pc_no": 75, "pc_name": "Ghazipur", "winner_2022": "SP", "lead_2024": "SP", "margin_2024": 36666, "margin_pct_2024": 16.03}, "geometry": {"type": "Polygon", "coordinates": [[[83.2268, 25.306], [83.3896, 25.306], [83.3896, 25.867], [83.2268, 25.867], [83.2268, 25.306]]]}}, {"type": "Feature", "properties": {"ac_no": 375, "ac_name": "Ghazipur", "district": "Ghazipur", "category": "GEN", "pc_no": 75, "pc_name": "Ghazipur", "winner_2022": "SP", "lead_2024": "SP", "margin_2024": 11229, "margin_pct_2024": 5.19}, "geometry": {"type": "Polygon", "coordinates": [[[83.3896, 25.306], [83.5524, 25.306], [83.5524, 25.867], [83.3896, 25.867], [83.3896, 25.306]]]}}, {"type": "Feature", "properties": {"ac_no": 376, "ac_name": "Jangipur", "district": "Ghazipur", "category": "GEN", "pc_no": 75, "pc_name": "Ghazipur", "winner_2022": "SP", "lead_2024": "SP", "margin_2024": 27334, "margin_pct_2024": 12.4}, "geometry": {"type": "Polygon", "coordinates": [[[83.5524, 25.306], [83.7152, 25.306], [83.7152, 25.867], [83.5524, 25.867], [83.5524, 25.306]]]}}, {"type": "Feature", "properties": {"ac_no": 379, "ac_name": "Zamania", "district": "Ghazipur", "category": "GEN", "pc_no": 75, "pc_name": "Ghazipur", "winner_2022": "SP", "lead_2024": "SP", "margin_2024": 22689, "margin_pct_2024": 10.38}, "geometry": {"type": "Polygon", "coordinates": [[[83.7152, 25.306], [83.878, 25.306], [83.878, 25.867], [83.7152, 25.867], [83.7152, 25.306]]]}}, {"type": "Feature", "properties": {"ac_no": 380, "ac_name": "Mughalsarai", "district": "Chandauli", "category": "GEN", "pc_no": 76, "pc_name": "Chandauli", "winner_2022": "BJP", "lead_2024": "SP", "margin_2024": 13341, "margin_pct_2024": 5.78}, "geometry": {"type": "Polygon", "coordinates": [[[82.808, 25.157], [82.9572, 25.157], [82.9572, 25.577], [82.808, 25.577], [82.808, 25.157]]]}}, {"type": "Feature", "properties": {"ac_no": 381, "ac_name": "Sakaldiha", "district": "Chandauli", "category": "GEN", "pc_no": 76, "pc_name": "Chandauli", "winner_2022": "SP", "lead_2024": "SP", "margin_2024": 21054, "margin_pct_2024": 10.57}, "geometry": {"type": "Polygon", "coordinates": [[[82.9572, 25.157], [83.1064, 25.157], [83.1064, 25.577], [82.9572, 25.577], [82.9572, 25.157]]]}}, {"type": "Feature", "properties": {"ac_no": 382, "ac_name": "Saiyadraja", "district": "Chandauli", "category": "GEN", "pc_no": 76, "pc_name": "Chandauli", "winner_2022": "BJP", "lead_2024": "SP", "margin_2024": 1341, "margin_pct_2024": 0.68}, "geometry": {"type": "Polygon", "coordinates": [[[83.1064, 25.157], [83.2556, 25.157], [83.2556, 25.577], [83.1064, 25.577], [83.1064, 25.157]]]}}, {"type": "Feature", "properties": {"ac_no": 385, "ac_name": "Ajagara", "district": "Varanasi", "category": "GEN", "pc_no": 76, "pc_name": "Chandauli", "winner_2022": "BJP", "lead_2024": "SP", "margin_2024": 227, "margin_pct_2024": 0.1}, "geometry": {"type": "Polygon", "coordinates": [[[83.2556, 25.157], [83.4048, 25.157], [83.4048, 25.577], [83.2556, 25.577], [83.2556, 25.157]]]}}, {"type": "Feature", "properties": {"ac_no": 386, "ac_name": "Shivpur", "district": "Varanasi", "category": "GEN", "pc_no": 76, "pc_name": "Chandauli", "winner_2022": "BJP", "lead_2024": "BJP", "margin_2024": 14837, "margin_pct_2024": 6.13}, "geometry": {"type": "Polygon", "coordinates": [[[83.4048, 25.157], [83.554, 25.157], [83.554, 25.577], [83.4048, 25.577], [83.4048, 25.157]]]}}, {"type": "Feature", "properties": {"ac_no": 383, "ac_name": "Chakia", "district": "Chandauli", "category": "GEN", "pc_no": 80, "pc_name": "Robertsganj", "winner_2022": "BJP", "lead_2024": "SP", "margin_2024": 31607, "margin_pct_2024": 13.52}, "geometry": {"type": "Polygon", "coordinates": [[[82.524, 23.871], [83.548, 23.871], [83.548, 24.1476], [82.524, 24.1476], [82.524, 23.871]]]}}, {"type": "Feature", "properties": {"ac_no": 400, "ac_name": "Ghorawal", "district": "Sonbhadra", "category": "GEN", "pc_no": 80, "pc_name": "Robertsganj", "winner_2022": "BJP", "lead_2024": "SP", "margin_2024": 28403, "margin_pct_2024": 12.22}, "geometry": {"type": "Polygon", "coordinates": [[[82.524, 24.1476], [83.548, 24.1476], [83.548, 24.4242], [82.524, 24.4242], [82.524, 24.1476]]]}}, {"type": "Feature", "properties": {"ac_no": 401, "ac_name": "Robertsganj", "district": "Sonbhadra", "category": "GEN", "pc_no": 80, "pc_name": "Robertsganj", "winner_2022": "BJP", "lead_2024": "SP", "margin_2024": 20534, "margin_pct_2024": 10.82}, "geometry": {"type": "Polygon", "coordinates": [[[82.524, 24.4242], [83.548, 24.4242], [83.548, 24.7008], [82.524, 24.7008], [82.524, 24.4242]]]}}, {"type": "Feature", "properties": {"ac_no": 402, "ac_name": "Obra", "district": "Sonbhadra", "category": "GEN", "pc_no": 80, "pc_name": "Robertsganj", "winner_2022": "BJP", "lead_2024": "SP", "margin_2024": 4660, "margin_pct_2024": 3.27}, "geometry": {"type": "Polygon", "coordinates": [[[82.524, 24.7008], [83.548, 24.7008], [83.548, 24.9774], [82.524, 24.9774], [82.524, 24.7008]]]}}, {"type": "Feature", "properties": {"ac_no": 403, "ac_name": "Duddhi", "district": "Sonbhadra", "category": "GEN", "pc_no": 80, "pc_name": "Robertsganj", "winner_2022": "BJP", "lead_2024": "SP", "margin_2024": 43692, "margin_pct_2024": 22.87}, "geometry": {"type": "Polygon", "coordinates": [[[82.524, 24.9774], [83.548, 24.9774], [83.548, 25.254], [82.524, 25.254], [82.524, 24.9774]]]}}, {"type": "Feature", "properties": {"ac_no": 387, "ac_name": "Rohaniya", "district": "Varanasi", "category": "GEN", "pc_no": 77, "pc_name": "Varanasi", "winner_2022": "ADAL", "lead_2024": "BJP", "margin_2024": 26283, "margin_pct_2024": 10.79}, "geometry": {"type": "Polygon", "coordinates": [[[82.669, 25.164], [82.7484, 25.164], [82.7484, 25.402], [82.669, 25.402], [82.669, 25.164]]]}}, {"type": "Feature", "properties": {"ac_no": 388, "ac_name": "Varanasi North", "district": "Varanasi", "category": "GEN", "pc_no": 77, "pc_name": "Varanasi", "winner_2022": "BJP", "lead_2024": "BJP", "margin_2024": 29510, "margin_pct_2024": 12.34}, "geometry": {"type": "Polygon", "coordinates": [[[82.7484, 25.164], [82.8278, 25.164], [82.8278, 25.402], [82.7484, 25.402], [82.7484, 25.164]]]}}, {"type": "Feature", "properties": {"ac_no": 389, "ac_name": "Varanasi South", "district": "Varanasi", "category": "GEN", "pc_no": 77, "pc_name": "Varanasi", "winner_2022": "BJP", "lead_2024": "BJP", "margin_2024": 16146, "margin_pct_2024": 8.89}, "geometry": {"type": "Polygon", "coordinates": [[[82.8278, 25.164], [82.9072, 25.164], [82.9072, 25.402], [82.8278, 25.402], [82.8278, 25.164]]]}}, {"type": "Feature", "properties": {"ac_no": 390, "ac_name": "Varanasi Cantt.", "district": "Varanasi", "category": "GEN", "pc_no": 77, "pc_name": "Varanasi", "winner_2022": "BJP", "lead_2024": "BJP", "margin_2024": 58277, "margin_pct_2024": 24.38}, "geometry": {"type": "Polygon", "coordinates": [[[82.9072, 25.164], [82.9866, 25.164], [82.9866, 25.402], [82.9072, 25.402], [82.9072, 25.164]]]}}, {"type": "Feature", "properties": {"ac_no": 391, "ac_name": "Sevapuri", "district": "Varanasi", "category": "GEN", "pc_no": 77, "pc_name": "Varanasi", "winner_2022": "BJP", "lead_2024": "BJP", "margin_2024": 22139, "margin_pct_2024": 10.29}, "geometry": {"type": "Polygon", "coordinates": [[[82.9866, 25.164], [83.066, 25.164], [83.066, 25.402], [82.9866, 25.402], [82.9866, 25.164]]]}}, {"type": "Feature", "properties": {"ac_no": 395, "ac_name": "Chhanbey", "district": "Mirzapur", "category": "GEN", "pc_no": 79, "pc_name": "Mirzapur", "winner_2022": "ADAL", "lead_2024": "ADAL", "margin_2024": 8384, "margin_pct_2024": 4.01}, "geometry": {"type": "Polygon", "coordinates": [[[82.08, 24.591], [82.3002, 24.591], [82.3002, 25.268], [82.08, 25.268], [82.08, 24.591]]]}}, {"type": "Feature", "properties": {"ac_no": 396, "ac_name": "Mirzapur", "district": "Mirzapur", "category": "GEN", "pc_no": 79, "pc_name": "Mirzapur", "winner_2022": "BJP", "lead_2024": "ADAL", "margin_2024": 16127, "margin_pct_2024": 7.72}, "geometry": {"type": "Polygon", "coordinates": [[[82.3002, 24.591], [82.5204, 24.591], [82.5204, 25.268], [82.3002, 25.268], [82.3002, 24.591]]]}}, {"type": "Feature", "properties": {"ac_no": 397, "ac_name": "Majhawan", "district": "Mirzapur", "category": "GEN", "pc_no": 79, "pc_name": "Mirzapur", "winner_2022": "NINSHAD", "lead_2024": "ADAL", "margin_2024": 1762, "margin_pct_2024": 0.75}, "geometry": {"type": "Polygon", "coordinates": [[[82.5204, 24.591], [82.7406, 24.591], [82.7406, 25.268], [82.5204, 25.268], [82.5204, 24.591]]]}}, {"type": "Feature", "properties": {"ac_no": 398, "ac_name": "Chunar", "district": "Mirzapur", "category": "GEN", "pc_no": 79, "pc_name": "Mirzapur", "winner_2022": "BJP", "lead_2024": "ADAL", "margin_2024": 18366, "margin_pct_2024": 8.87}, "geometry": {"type": "Polygon", "coordinates": [[[82.7406, 24.591], [82.9608, 24.591], [82.9608, 25.268], [82.7406, 25.268], [82.7406, 24.591]]]}}, {"type": "Feature", "properties": {"ac_no": 399, "ac_name": "Marihan", "district": "Mirzapur", "category": "GEN", "pc_no": 79, "pc_name": "Mirzapur", "winner_2022": "BJP", "lead_2024": "SP", "margin_2024": 7059, "margin_pct_2024": 3.09}, "geometry": {"type": "Polygon", "coordinates": [[[82.9608, 24.591], [83.181, 24.591], [83.181, 25.268], [82.9608, 25.268], [82.9608, 24.591]]]}}]}